[2026-03-03T15:35:30.680+0000] {processor.py:161} INFO - Started process (PID=77) to work on /opt/airflow/dags/churn_dag.py
[2026-03-03T15:35:30.684+0000] {processor.py:830} INFO - Processing file /opt/airflow/dags/churn_dag.py for tasks to queue
[2026-03-03T15:35:30.688+0000] {logging_mixin.py:188} INFO - [2026-03-03T15:35:30.687+0000] {dagbag.py:545} INFO - Filling up the DagBag from /opt/airflow/dags/churn_dag.py
[2026-03-03T15:35:30.745+0000] {processor.py:840} INFO - DAG(s) 'customer_churn_pipeline' retrieved from /opt/airflow/dags/churn_dag.py
[2026-03-03T15:35:30.768+0000] {logging_mixin.py:188} INFO - [2026-03-03T15:35:30.767+0000] {dag.py:3089} INFO - Sync 1 DAGs
[2026-03-03T15:35:30.794+0000] {logging_mixin.py:188} INFO - [2026-03-03T15:35:30.794+0000] {dag.py:3947} INFO - Setting next_dagrun for customer_churn_pipeline to None, run_after=None
[2026-03-03T15:35:30.828+0000] {processor.py:183} INFO - Processing /opt/airflow/dags/churn_dag.py took 0.156 seconds
[2026-03-03T15:36:01.176+0000] {processor.py:161} INFO - Started process (PID=97) to work on /opt/airflow/dags/churn_dag.py
[2026-03-03T15:36:01.179+0000] {processor.py:830} INFO - Processing file /opt/airflow/dags/churn_dag.py for tasks to queue
[2026-03-03T15:36:01.183+0000] {logging_mixin.py:188} INFO - [2026-03-03T15:36:01.182+0000] {dagbag.py:545} INFO - Filling up the DagBag from /opt/airflow/dags/churn_dag.py
[2026-03-03T15:36:01.231+0000] {processor.py:840} INFO - DAG(s) 'customer_churn_pipeline' retrieved from /opt/airflow/dags/churn_dag.py
[2026-03-03T15:36:01.382+0000] {logging_mixin.py:188} INFO - [2026-03-03T15:36:01.381+0000] {dag.py:3089} INFO - Sync 1 DAGs
[2026-03-03T15:36:01.400+0000] {logging_mixin.py:188} INFO - [2026-03-03T15:36:01.400+0000] {dag.py:3947} INFO - Setting next_dagrun for customer_churn_pipeline to None, run_after=None
[2026-03-03T15:36:01.434+0000] {processor.py:183} INFO - Processing /opt/airflow/dags/churn_dag.py took 0.266 seconds
[2026-03-03T15:36:31.756+0000] {processor.py:161} INFO - Started process (PID=102) to work on /opt/airflow/dags/churn_dag.py
[2026-03-03T15:36:31.760+0000] {processor.py:830} INFO - Processing file /opt/airflow/dags/churn_dag.py for tasks to queue
[2026-03-03T15:36:31.766+0000] {logging_mixin.py:188} INFO - [2026-03-03T15:36:31.765+0000] {dagbag.py:545} INFO - Filling up the DagBag from /opt/airflow/dags/churn_dag.py
[2026-03-03T15:36:31.840+0000] {processor.py:840} INFO - DAG(s) 'customer_churn_pipeline' retrieved from /opt/airflow/dags/churn_dag.py
[2026-03-03T15:36:31.896+0000] {logging_mixin.py:188} INFO - [2026-03-03T15:36:31.895+0000] {dag.py:3089} INFO - Sync 1 DAGs
[2026-03-03T15:36:31.913+0000] {logging_mixin.py:188} INFO - [2026-03-03T15:36:31.913+0000] {dag.py:3947} INFO - Setting next_dagrun for customer_churn_pipeline to None, run_after=None
[2026-03-03T15:36:31.943+0000] {processor.py:183} INFO - Processing /opt/airflow/dags/churn_dag.py took 0.203 seconds
[2026-03-03T15:37:03.071+0000] {processor.py:161} INFO - Started process (PID=103) to work on /opt/airflow/dags/churn_dag.py
[2026-03-03T15:37:03.074+0000] {processor.py:830} INFO - Processing file /opt/airflow/dags/churn_dag.py for tasks to queue
[2026-03-03T15:37:03.079+0000] {logging_mixin.py:188} INFO - [2026-03-03T15:37:03.078+0000] {dagbag.py:545} INFO - Filling up the DagBag from /opt/airflow/dags/churn_dag.py
[2026-03-03T15:37:03.165+0000] {processor.py:840} INFO - DAG(s) 'customer_churn_pipeline' retrieved from /opt/airflow/dags/churn_dag.py
[2026-03-03T15:37:03.209+0000] {logging_mixin.py:188} INFO - [2026-03-03T15:37:03.209+0000] {dag.py:3089} INFO - Sync 1 DAGs
[2026-03-03T15:37:03.230+0000] {logging_mixin.py:188} INFO - [2026-03-03T15:37:03.230+0000] {dag.py:3947} INFO - Setting next_dagrun for customer_churn_pipeline to None, run_after=None
[2026-03-03T15:37:03.270+0000] {processor.py:183} INFO - Processing /opt/airflow/dags/churn_dag.py took 0.214 seconds
[2026-03-03T15:37:33.698+0000] {processor.py:161} INFO - Started process (PID=104) to work on /opt/airflow/dags/churn_dag.py
[2026-03-03T15:37:33.703+0000] {processor.py:830} INFO - Processing file /opt/airflow/dags/churn_dag.py for tasks to queue
[2026-03-03T15:37:33.710+0000] {logging_mixin.py:188} INFO - [2026-03-03T15:37:33.709+0000] {dagbag.py:545} INFO - Filling up the DagBag from /opt/airflow/dags/churn_dag.py
[2026-03-03T15:37:33.770+0000] {processor.py:840} INFO - DAG(s) 'customer_churn_pipeline' retrieved from /opt/airflow/dags/churn_dag.py
[2026-03-03T15:37:33.810+0000] {logging_mixin.py:188} INFO - [2026-03-03T15:37:33.810+0000] {dag.py:3089} INFO - Sync 1 DAGs
[2026-03-03T15:37:33.825+0000] {logging_mixin.py:188} INFO - [2026-03-03T15:37:33.825+0000] {dag.py:3947} INFO - Setting next_dagrun for customer_churn_pipeline to None, run_after=None
[2026-03-03T15:37:33.856+0000] {processor.py:183} INFO - Processing /opt/airflow/dags/churn_dag.py took 0.170 seconds
[2026-03-03T15:38:04.165+0000] {processor.py:161} INFO - Started process (PID=105) to work on /opt/airflow/dags/churn_dag.py
[2026-03-03T15:38:04.168+0000] {processor.py:830} INFO - Processing file /opt/airflow/dags/churn_dag.py for tasks to queue
[2026-03-03T15:38:04.174+0000] {logging_mixin.py:188} INFO - [2026-03-03T15:38:04.173+0000] {dagbag.py:545} INFO - Filling up the DagBag from /opt/airflow/dags/churn_dag.py
[2026-03-03T15:38:04.251+0000] {processor.py:840} INFO - DAG(s) 'customer_churn_pipeline' retrieved from /opt/airflow/dags/churn_dag.py
[2026-03-03T15:38:04.299+0000] {logging_mixin.py:188} INFO - [2026-03-03T15:38:04.298+0000] {dag.py:3089} INFO - Sync 1 DAGs
[2026-03-03T15:38:04.319+0000] {logging_mixin.py:188} INFO - [2026-03-03T15:38:04.318+0000] {dag.py:3947} INFO - Setting next_dagrun for customer_churn_pipeline to None, run_after=None
[2026-03-03T15:38:04.361+0000] {processor.py:183} INFO - Processing /opt/airflow/dags/churn_dag.py took 0.215 seconds
[2026-03-03T15:38:35.523+0000] {processor.py:161} INFO - Started process (PID=106) to work on /opt/airflow/dags/churn_dag.py
[2026-03-03T15:38:35.525+0000] {processor.py:830} INFO - Processing file /opt/airflow/dags/churn_dag.py for tasks to queue
[2026-03-03T15:38:35.529+0000] {logging_mixin.py:188} INFO - [2026-03-03T15:38:35.528+0000] {dagbag.py:545} INFO - Filling up the DagBag from /opt/airflow/dags/churn_dag.py
[2026-03-03T15:38:35.580+0000] {processor.py:840} INFO - DAG(s) 'customer_churn_pipeline' retrieved from /opt/airflow/dags/churn_dag.py
[2026-03-03T15:38:35.621+0000] {logging_mixin.py:188} INFO - [2026-03-03T15:38:35.621+0000] {dag.py:3089} INFO - Sync 1 DAGs
[2026-03-03T15:38:35.636+0000] {logging_mixin.py:188} INFO - [2026-03-03T15:38:35.635+0000] {dag.py:3947} INFO - Setting next_dagrun for customer_churn_pipeline to None, run_after=None
[2026-03-03T15:38:35.666+0000] {processor.py:183} INFO - Processing /opt/airflow/dags/churn_dag.py took 0.152 seconds
[2026-03-03T15:39:06.223+0000] {processor.py:161} INFO - Started process (PID=107) to work on /opt/airflow/dags/churn_dag.py
[2026-03-03T15:39:06.226+0000] {processor.py:830} INFO - Processing file /opt/airflow/dags/churn_dag.py for tasks to queue
[2026-03-03T15:39:06.232+0000] {logging_mixin.py:188} INFO - [2026-03-03T15:39:06.231+0000] {dagbag.py:545} INFO - Filling up the DagBag from /opt/airflow/dags/churn_dag.py
[2026-03-03T15:39:06.308+0000] {processor.py:840} INFO - DAG(s) 'customer_churn_pipeline' retrieved from /opt/airflow/dags/churn_dag.py
[2026-03-03T15:39:06.366+0000] {logging_mixin.py:188} INFO - [2026-03-03T15:39:06.365+0000] {dag.py:3089} INFO - Sync 1 DAGs
[2026-03-03T15:39:06.394+0000] {logging_mixin.py:188} INFO - [2026-03-03T15:39:06.393+0000] {dag.py:3947} INFO - Setting next_dagrun for customer_churn_pipeline to None, run_after=None
[2026-03-03T15:39:06.447+0000] {processor.py:183} INFO - Processing /opt/airflow/dags/churn_dag.py took 0.239 seconds
[2026-03-03T15:39:37.424+0000] {processor.py:161} INFO - Started process (PID=108) to work on /opt/airflow/dags/churn_dag.py
[2026-03-03T15:39:37.427+0000] {processor.py:830} INFO - Processing file /opt/airflow/dags/churn_dag.py for tasks to queue
[2026-03-03T15:39:37.433+0000] {logging_mixin.py:188} INFO - [2026-03-03T15:39:37.432+0000] {dagbag.py:545} INFO - Filling up the DagBag from /opt/airflow/dags/churn_dag.py
[2026-03-03T15:39:37.489+0000] {processor.py:840} INFO - DAG(s) 'customer_churn_pipeline' retrieved from /opt/airflow/dags/churn_dag.py
[2026-03-03T15:39:37.563+0000] {logging_mixin.py:188} INFO - [2026-03-03T15:39:37.563+0000] {dag.py:3089} INFO - Sync 1 DAGs
[2026-03-03T15:39:37.592+0000] {logging_mixin.py:188} INFO - [2026-03-03T15:39:37.592+0000] {dag.py:3947} INFO - Setting next_dagrun for customer_churn_pipeline to None, run_after=None
[2026-03-03T15:39:37.647+0000] {processor.py:183} INFO - Processing /opt/airflow/dags/churn_dag.py took 0.237 seconds
[2026-03-03T15:40:08.263+0000] {processor.py:161} INFO - Started process (PID=109) to work on /opt/airflow/dags/churn_dag.py
[2026-03-03T15:40:08.267+0000] {processor.py:830} INFO - Processing file /opt/airflow/dags/churn_dag.py for tasks to queue
[2026-03-03T15:40:08.274+0000] {logging_mixin.py:188} INFO - [2026-03-03T15:40:08.273+0000] {dagbag.py:545} INFO - Filling up the DagBag from /opt/airflow/dags/churn_dag.py
[2026-03-03T15:40:08.361+0000] {processor.py:840} INFO - DAG(s) 'customer_churn_pipeline' retrieved from /opt/airflow/dags/churn_dag.py
[2026-03-03T15:40:08.427+0000] {logging_mixin.py:188} INFO - [2026-03-03T15:40:08.426+0000] {dag.py:3089} INFO - Sync 1 DAGs
[2026-03-03T15:40:08.469+0000] {logging_mixin.py:188} INFO - [2026-03-03T15:40:08.468+0000] {dag.py:3947} INFO - Setting next_dagrun for customer_churn_pipeline to None, run_after=None
[2026-03-03T15:40:08.536+0000] {processor.py:183} INFO - Processing /opt/airflow/dags/churn_dag.py took 0.292 seconds
[2026-03-03T15:40:39.433+0000] {processor.py:161} INFO - Started process (PID=110) to work on /opt/airflow/dags/churn_dag.py
[2026-03-03T15:40:39.438+0000] {processor.py:830} INFO - Processing file /opt/airflow/dags/churn_dag.py for tasks to queue
[2026-03-03T15:40:39.449+0000] {logging_mixin.py:188} INFO - [2026-03-03T15:40:39.446+0000] {dagbag.py:545} INFO - Filling up the DagBag from /opt/airflow/dags/churn_dag.py
[2026-03-03T15:40:39.544+0000] {processor.py:840} INFO - DAG(s) 'customer_churn_pipeline' retrieved from /opt/airflow/dags/churn_dag.py
[2026-03-03T15:40:39.626+0000] {logging_mixin.py:188} INFO - [2026-03-03T15:40:39.625+0000] {dag.py:3089} INFO - Sync 1 DAGs
[2026-03-03T15:40:39.662+0000] {logging_mixin.py:188} INFO - [2026-03-03T15:40:39.661+0000] {dag.py:3947} INFO - Setting next_dagrun for customer_churn_pipeline to None, run_after=None
[2026-03-03T15:40:39.766+0000] {processor.py:183} INFO - Processing /opt/airflow/dags/churn_dag.py took 0.350 seconds
[2026-03-03T15:41:10.560+0000] {processor.py:161} INFO - Started process (PID=111) to work on /opt/airflow/dags/churn_dag.py
[2026-03-03T15:41:10.562+0000] {processor.py:830} INFO - Processing file /opt/airflow/dags/churn_dag.py for tasks to queue
[2026-03-03T15:41:10.567+0000] {logging_mixin.py:188} INFO - [2026-03-03T15:41:10.566+0000] {dagbag.py:545} INFO - Filling up the DagBag from /opt/airflow/dags/churn_dag.py
[2026-03-03T15:41:10.605+0000] {processor.py:840} INFO - DAG(s) 'customer_churn_pipeline' retrieved from /opt/airflow/dags/churn_dag.py
[2026-03-03T15:41:10.652+0000] {logging_mixin.py:188} INFO - [2026-03-03T15:41:10.652+0000] {dag.py:3089} INFO - Sync 1 DAGs
[2026-03-03T15:41:10.672+0000] {logging_mixin.py:188} INFO - [2026-03-03T15:41:10.672+0000] {dag.py:3947} INFO - Setting next_dagrun for customer_churn_pipeline to None, run_after=None
[2026-03-03T15:41:10.714+0000] {processor.py:183} INFO - Processing /opt/airflow/dags/churn_dag.py took 0.166 seconds
[2026-03-03T15:41:41.380+0000] {processor.py:161} INFO - Started process (PID=112) to work on /opt/airflow/dags/churn_dag.py
[2026-03-03T15:41:41.384+0000] {processor.py:830} INFO - Processing file /opt/airflow/dags/churn_dag.py for tasks to queue
[2026-03-03T15:41:41.391+0000] {logging_mixin.py:188} INFO - [2026-03-03T15:41:41.389+0000] {dagbag.py:545} INFO - Filling up the DagBag from /opt/airflow/dags/churn_dag.py
[2026-03-03T15:41:41.458+0000] {processor.py:840} INFO - DAG(s) 'customer_churn_pipeline' retrieved from /opt/airflow/dags/churn_dag.py
[2026-03-03T15:41:41.520+0000] {logging_mixin.py:188} INFO - [2026-03-03T15:41:41.520+0000] {dag.py:3089} INFO - Sync 1 DAGs
[2026-03-03T15:41:41.536+0000] {logging_mixin.py:188} INFO - [2026-03-03T15:41:41.536+0000] {dag.py:3947} INFO - Setting next_dagrun for customer_churn_pipeline to None, run_after=None
[2026-03-03T15:41:41.570+0000] {processor.py:183} INFO - Processing /opt/airflow/dags/churn_dag.py took 0.203 seconds
[2026-03-03T15:42:12.047+0000] {processor.py:161} INFO - Started process (PID=113) to work on /opt/airflow/dags/churn_dag.py
[2026-03-03T15:42:12.050+0000] {processor.py:830} INFO - Processing file /opt/airflow/dags/churn_dag.py for tasks to queue
[2026-03-03T15:42:12.056+0000] {logging_mixin.py:188} INFO - [2026-03-03T15:42:12.055+0000] {dagbag.py:545} INFO - Filling up the DagBag from /opt/airflow/dags/churn_dag.py
[2026-03-03T15:42:12.152+0000] {processor.py:840} INFO - DAG(s) 'customer_churn_pipeline' retrieved from /opt/airflow/dags/churn_dag.py
[2026-03-03T15:42:12.196+0000] {logging_mixin.py:188} INFO - [2026-03-03T15:42:12.196+0000] {dag.py:3089} INFO - Sync 1 DAGs
[2026-03-03T15:42:12.210+0000] {logging_mixin.py:188} INFO - [2026-03-03T15:42:12.210+0000] {dag.py:3947} INFO - Setting next_dagrun for customer_churn_pipeline to None, run_after=None
[2026-03-03T15:42:12.249+0000] {processor.py:183} INFO - Processing /opt/airflow/dags/churn_dag.py took 0.214 seconds
[2026-03-03T15:42:43.395+0000] {processor.py:161} INFO - Started process (PID=115) to work on /opt/airflow/dags/churn_dag.py
[2026-03-03T15:42:43.398+0000] {processor.py:830} INFO - Processing file /opt/airflow/dags/churn_dag.py for tasks to queue
[2026-03-03T15:42:43.403+0000] {logging_mixin.py:188} INFO - [2026-03-03T15:42:43.402+0000] {dagbag.py:545} INFO - Filling up the DagBag from /opt/airflow/dags/churn_dag.py
[2026-03-03T15:42:43.464+0000] {processor.py:840} INFO - DAG(s) 'customer_churn_pipeline' retrieved from /opt/airflow/dags/churn_dag.py
[2026-03-03T15:42:43.518+0000] {logging_mixin.py:188} INFO - [2026-03-03T15:42:43.517+0000] {dag.py:3089} INFO - Sync 1 DAGs
[2026-03-03T15:42:43.537+0000] {logging_mixin.py:188} INFO - [2026-03-03T15:42:43.536+0000] {dag.py:3947} INFO - Setting next_dagrun for customer_churn_pipeline to None, run_after=None
[2026-03-03T15:42:43.590+0000] {processor.py:183} INFO - Processing /opt/airflow/dags/churn_dag.py took 0.208 seconds
[2026-03-03T15:43:19.148+0000] {processor.py:161} INFO - Started process (PID=196) to work on /opt/airflow/dags/churn_dag.py
[2026-03-03T15:43:19.154+0000] {processor.py:830} INFO - Processing file /opt/airflow/dags/churn_dag.py for tasks to queue
[2026-03-03T15:43:19.161+0000] {logging_mixin.py:188} INFO - [2026-03-03T15:43:19.160+0000] {dagbag.py:545} INFO - Filling up the DagBag from /opt/airflow/dags/churn_dag.py
[2026-03-03T15:43:19.310+0000] {processor.py:840} INFO - DAG(s) 'customer_churn_pipeline' retrieved from /opt/airflow/dags/churn_dag.py
[2026-03-03T15:43:19.349+0000] {logging_mixin.py:188} INFO - [2026-03-03T15:43:19.348+0000] {dag.py:3089} INFO - Sync 1 DAGs
[2026-03-03T15:43:19.371+0000] {logging_mixin.py:188} INFO - [2026-03-03T15:43:19.371+0000] {dag.py:3947} INFO - Setting next_dagrun for customer_churn_pipeline to None, run_after=None
[2026-03-03T15:43:19.428+0000] {processor.py:183} INFO - Processing /opt/airflow/dags/churn_dag.py took 0.289 seconds
[2026-03-03T15:43:49.644+0000] {processor.py:161} INFO - Started process (PID=197) to work on /opt/airflow/dags/churn_dag.py
[2026-03-03T15:43:49.647+0000] {processor.py:830} INFO - Processing file /opt/airflow/dags/churn_dag.py for tasks to queue
[2026-03-03T15:43:49.652+0000] {logging_mixin.py:188} INFO - [2026-03-03T15:43:49.651+0000] {dagbag.py:545} INFO - Filling up the DagBag from /opt/airflow/dags/churn_dag.py
[2026-03-03T15:43:49.708+0000] {processor.py:840} INFO - DAG(s) 'customer_churn_pipeline' retrieved from /opt/airflow/dags/churn_dag.py
[2026-03-03T15:43:49.741+0000] {logging_mixin.py:188} INFO - [2026-03-03T15:43:49.741+0000] {dag.py:3089} INFO - Sync 1 DAGs
[2026-03-03T15:43:49.756+0000] {logging_mixin.py:188} INFO - [2026-03-03T15:43:49.756+0000] {dag.py:3947} INFO - Setting next_dagrun for customer_churn_pipeline to None, run_after=None
[2026-03-03T15:43:49.809+0000] {processor.py:183} INFO - Processing /opt/airflow/dags/churn_dag.py took 0.178 seconds
[2026-03-03T15:44:20.372+0000] {processor.py:161} INFO - Started process (PID=198) to work on /opt/airflow/dags/churn_dag.py
[2026-03-03T15:44:20.374+0000] {processor.py:830} INFO - Processing file /opt/airflow/dags/churn_dag.py for tasks to queue
[2026-03-03T15:44:20.378+0000] {logging_mixin.py:188} INFO - [2026-03-03T15:44:20.377+0000] {dagbag.py:545} INFO - Filling up the DagBag from /opt/airflow/dags/churn_dag.py
[2026-03-03T15:44:20.413+0000] {processor.py:840} INFO - DAG(s) 'customer_churn_pipeline' retrieved from /opt/airflow/dags/churn_dag.py
[2026-03-03T15:44:20.467+0000] {logging_mixin.py:188} INFO - [2026-03-03T15:44:20.466+0000] {dag.py:3089} INFO - Sync 1 DAGs
[2026-03-03T15:44:20.494+0000] {logging_mixin.py:188} INFO - [2026-03-03T15:44:20.493+0000] {dag.py:3947} INFO - Setting next_dagrun for customer_churn_pipeline to None, run_after=None
[2026-03-03T15:44:20.541+0000] {processor.py:183} INFO - Processing /opt/airflow/dags/churn_dag.py took 0.178 seconds
[2026-03-03T15:44:51.225+0000] {processor.py:161} INFO - Started process (PID=199) to work on /opt/airflow/dags/churn_dag.py
[2026-03-03T15:44:51.229+0000] {processor.py:830} INFO - Processing file /opt/airflow/dags/churn_dag.py for tasks to queue
[2026-03-03T15:44:51.234+0000] {logging_mixin.py:188} INFO - [2026-03-03T15:44:51.233+0000] {dagbag.py:545} INFO - Filling up the DagBag from /opt/airflow/dags/churn_dag.py
[2026-03-03T15:44:51.333+0000] {processor.py:840} INFO - DAG(s) 'customer_churn_pipeline' retrieved from /opt/airflow/dags/churn_dag.py
[2026-03-03T15:44:51.371+0000] {logging_mixin.py:188} INFO - [2026-03-03T15:44:51.371+0000] {dag.py:3089} INFO - Sync 1 DAGs
[2026-03-03T15:44:51.387+0000] {logging_mixin.py:188} INFO - [2026-03-03T15:44:51.387+0000] {dag.py:3947} INFO - Setting next_dagrun for customer_churn_pipeline to None, run_after=None
[2026-03-03T15:44:51.442+0000] {processor.py:183} INFO - Processing /opt/airflow/dags/churn_dag.py took 0.234 seconds
[2026-03-03T15:45:21.777+0000] {processor.py:161} INFO - Started process (PID=200) to work on /opt/airflow/dags/churn_dag.py
[2026-03-03T15:45:21.780+0000] {processor.py:830} INFO - Processing file /opt/airflow/dags/churn_dag.py for tasks to queue
[2026-03-03T15:45:21.784+0000] {logging_mixin.py:188} INFO - [2026-03-03T15:45:21.783+0000] {dagbag.py:545} INFO - Filling up the DagBag from /opt/airflow/dags/churn_dag.py
[2026-03-03T15:45:21.839+0000] {processor.py:840} INFO - DAG(s) 'customer_churn_pipeline' retrieved from /opt/airflow/dags/churn_dag.py
[2026-03-03T15:45:21.874+0000] {logging_mixin.py:188} INFO - [2026-03-03T15:45:21.874+0000] {dag.py:3089} INFO - Sync 1 DAGs
[2026-03-03T15:45:21.897+0000] {logging_mixin.py:188} INFO - [2026-03-03T15:45:21.896+0000] {dag.py:3947} INFO - Setting next_dagrun for customer_churn_pipeline to None, run_after=None
[2026-03-03T15:45:21.925+0000] {processor.py:183} INFO - Processing /opt/airflow/dags/churn_dag.py took 0.159 seconds
[2026-03-03T15:45:53.082+0000] {processor.py:161} INFO - Started process (PID=202) to work on /opt/airflow/dags/churn_dag.py
[2026-03-03T15:45:53.084+0000] {processor.py:830} INFO - Processing file /opt/airflow/dags/churn_dag.py for tasks to queue
[2026-03-03T15:45:53.091+0000] {logging_mixin.py:188} INFO - [2026-03-03T15:45:53.089+0000] {dagbag.py:545} INFO - Filling up the DagBag from /opt/airflow/dags/churn_dag.py
[2026-03-03T15:45:53.154+0000] {processor.py:840} INFO - DAG(s) 'customer_churn_pipeline' retrieved from /opt/airflow/dags/churn_dag.py
[2026-03-03T15:45:53.214+0000] {logging_mixin.py:188} INFO - [2026-03-03T15:45:53.214+0000] {dag.py:3089} INFO - Sync 1 DAGs
[2026-03-03T15:45:53.240+0000] {logging_mixin.py:188} INFO - [2026-03-03T15:45:53.239+0000] {dag.py:3947} INFO - Setting next_dagrun for customer_churn_pipeline to None, run_after=None
[2026-03-03T15:45:53.278+0000] {processor.py:183} INFO - Processing /opt/airflow/dags/churn_dag.py took 0.210 seconds
[2026-03-03T15:46:24.332+0000] {processor.py:161} INFO - Started process (PID=203) to work on /opt/airflow/dags/churn_dag.py
[2026-03-03T15:46:24.334+0000] {processor.py:830} INFO - Processing file /opt/airflow/dags/churn_dag.py for tasks to queue
[2026-03-03T15:46:24.340+0000] {logging_mixin.py:188} INFO - [2026-03-03T15:46:24.339+0000] {dagbag.py:545} INFO - Filling up the DagBag from /opt/airflow/dags/churn_dag.py
[2026-03-03T15:46:24.408+0000] {processor.py:840} INFO - DAG(s) 'customer_churn_pipeline' retrieved from /opt/airflow/dags/churn_dag.py
[2026-03-03T15:46:24.455+0000] {logging_mixin.py:188} INFO - [2026-03-03T15:46:24.454+0000] {dag.py:3089} INFO - Sync 1 DAGs
[2026-03-03T15:46:24.472+0000] {logging_mixin.py:188} INFO - [2026-03-03T15:46:24.472+0000] {dag.py:3947} INFO - Setting next_dagrun for customer_churn_pipeline to None, run_after=None
[2026-03-03T15:46:24.520+0000] {processor.py:183} INFO - Processing /opt/airflow/dags/churn_dag.py took 0.196 seconds
[2026-03-03T15:46:55.263+0000] {processor.py:161} INFO - Started process (PID=204) to work on /opt/airflow/dags/churn_dag.py
[2026-03-03T15:46:55.265+0000] {processor.py:830} INFO - Processing file /opt/airflow/dags/churn_dag.py for tasks to queue
[2026-03-03T15:46:55.271+0000] {logging_mixin.py:188} INFO - [2026-03-03T15:46:55.270+0000] {dagbag.py:545} INFO - Filling up the DagBag from /opt/airflow/dags/churn_dag.py
[2026-03-03T15:46:55.323+0000] {processor.py:840} INFO - DAG(s) 'customer_churn_pipeline' retrieved from /opt/airflow/dags/churn_dag.py
[2026-03-03T15:46:55.383+0000] {logging_mixin.py:188} INFO - [2026-03-03T15:46:55.383+0000] {dag.py:3089} INFO - Sync 1 DAGs
[2026-03-03T15:46:55.411+0000] {logging_mixin.py:188} INFO - [2026-03-03T15:46:55.411+0000] {dag.py:3947} INFO - Setting next_dagrun for customer_churn_pipeline to None, run_after=None
[2026-03-03T15:46:55.451+0000] {processor.py:183} INFO - Processing /opt/airflow/dags/churn_dag.py took 0.198 seconds
[2026-03-03T15:47:26.617+0000] {processor.py:161} INFO - Started process (PID=205) to work on /opt/airflow/dags/churn_dag.py
[2026-03-03T15:47:26.621+0000] {processor.py:830} INFO - Processing file /opt/airflow/dags/churn_dag.py for tasks to queue
[2026-03-03T15:47:26.627+0000] {logging_mixin.py:188} INFO - [2026-03-03T15:47:26.626+0000] {dagbag.py:545} INFO - Filling up the DagBag from /opt/airflow/dags/churn_dag.py
[2026-03-03T15:47:26.742+0000] {processor.py:840} INFO - DAG(s) 'customer_churn_pipeline' retrieved from /opt/airflow/dags/churn_dag.py
[2026-03-03T15:47:26.803+0000] {logging_mixin.py:188} INFO - [2026-03-03T15:47:26.802+0000] {dag.py:3089} INFO - Sync 1 DAGs
[2026-03-03T15:47:26.828+0000] {logging_mixin.py:188} INFO - [2026-03-03T15:47:26.828+0000] {dag.py:3947} INFO - Setting next_dagrun for customer_churn_pipeline to None, run_after=None
[2026-03-03T15:47:26.875+0000] {processor.py:183} INFO - Processing /opt/airflow/dags/churn_dag.py took 0.271 seconds
[2026-03-03T15:47:57.382+0000] {processor.py:161} INFO - Started process (PID=206) to work on /opt/airflow/dags/churn_dag.py
[2026-03-03T15:47:57.386+0000] {processor.py:830} INFO - Processing file /opt/airflow/dags/churn_dag.py for tasks to queue
[2026-03-03T15:47:57.392+0000] {logging_mixin.py:188} INFO - [2026-03-03T15:47:57.391+0000] {dagbag.py:545} INFO - Filling up the DagBag from /opt/airflow/dags/churn_dag.py
[2026-03-03T15:47:57.476+0000] {processor.py:840} INFO - DAG(s) 'customer_churn_pipeline' retrieved from /opt/airflow/dags/churn_dag.py
[2026-03-03T15:47:57.531+0000] {logging_mixin.py:188} INFO - [2026-03-03T15:47:57.531+0000] {dag.py:3089} INFO - Sync 1 DAGs
[2026-03-03T15:47:57.562+0000] {logging_mixin.py:188} INFO - [2026-03-03T15:47:57.561+0000] {dag.py:3947} INFO - Setting next_dagrun for customer_churn_pipeline to None, run_after=None
[2026-03-03T15:47:57.612+0000] {processor.py:183} INFO - Processing /opt/airflow/dags/churn_dag.py took 0.240 seconds
[2026-03-03T15:48:28.464+0000] {processor.py:161} INFO - Started process (PID=207) to work on /opt/airflow/dags/churn_dag.py
[2026-03-03T15:48:28.468+0000] {processor.py:830} INFO - Processing file /opt/airflow/dags/churn_dag.py for tasks to queue
[2026-03-03T15:48:28.477+0000] {logging_mixin.py:188} INFO - [2026-03-03T15:48:28.476+0000] {dagbag.py:545} INFO - Filling up the DagBag from /opt/airflow/dags/churn_dag.py
[2026-03-03T15:48:28.592+0000] {processor.py:840} INFO - DAG(s) 'customer_churn_pipeline' retrieved from /opt/airflow/dags/churn_dag.py
[2026-03-03T15:48:28.675+0000] {logging_mixin.py:188} INFO - [2026-03-03T15:48:28.675+0000] {dag.py:3089} INFO - Sync 1 DAGs
[2026-03-03T15:48:28.706+0000] {logging_mixin.py:188} INFO - [2026-03-03T15:48:28.705+0000] {dag.py:3947} INFO - Setting next_dagrun for customer_churn_pipeline to None, run_after=None
[2026-03-03T15:48:28.760+0000] {processor.py:183} INFO - Processing /opt/airflow/dags/churn_dag.py took 0.309 seconds
[2026-03-03T15:48:59.634+0000] {processor.py:161} INFO - Started process (PID=208) to work on /opt/airflow/dags/churn_dag.py
[2026-03-03T15:48:59.638+0000] {processor.py:830} INFO - Processing file /opt/airflow/dags/churn_dag.py for tasks to queue
[2026-03-03T15:48:59.643+0000] {logging_mixin.py:188} INFO - [2026-03-03T15:48:59.642+0000] {dagbag.py:545} INFO - Filling up the DagBag from /opt/airflow/dags/churn_dag.py
[2026-03-03T15:48:59.738+0000] {processor.py:840} INFO - DAG(s) 'customer_churn_pipeline' retrieved from /opt/airflow/dags/churn_dag.py
[2026-03-03T15:48:59.793+0000] {logging_mixin.py:188} INFO - [2026-03-03T15:48:59.793+0000] {dag.py:3089} INFO - Sync 1 DAGs
[2026-03-03T15:48:59.817+0000] {logging_mixin.py:188} INFO - [2026-03-03T15:48:59.817+0000] {dag.py:3947} INFO - Setting next_dagrun for customer_churn_pipeline to None, run_after=None
[2026-03-03T15:48:59.854+0000] {processor.py:183} INFO - Processing /opt/airflow/dags/churn_dag.py took 0.231 seconds
[2026-03-03T15:49:31.027+0000] {processor.py:161} INFO - Started process (PID=209) to work on /opt/airflow/dags/churn_dag.py
[2026-03-03T15:49:31.032+0000] {processor.py:830} INFO - Processing file /opt/airflow/dags/churn_dag.py for tasks to queue
[2026-03-03T15:49:31.042+0000] {logging_mixin.py:188} INFO - [2026-03-03T15:49:31.041+0000] {dagbag.py:545} INFO - Filling up the DagBag from /opt/airflow/dags/churn_dag.py
[2026-03-03T15:49:31.187+0000] {processor.py:840} INFO - DAG(s) 'customer_churn_pipeline' retrieved from /opt/airflow/dags/churn_dag.py
[2026-03-03T15:49:31.260+0000] {logging_mixin.py:188} INFO - [2026-03-03T15:49:31.259+0000] {dag.py:3089} INFO - Sync 1 DAGs
[2026-03-03T15:49:31.293+0000] {logging_mixin.py:188} INFO - [2026-03-03T15:49:31.292+0000] {dag.py:3947} INFO - Setting next_dagrun for customer_churn_pipeline to None, run_after=None
[2026-03-03T15:49:31.354+0000] {processor.py:183} INFO - Processing /opt/airflow/dags/churn_dag.py took 0.340 seconds
[2026-03-03T15:50:01.619+0000] {processor.py:161} INFO - Started process (PID=210) to work on /opt/airflow/dags/churn_dag.py
[2026-03-03T15:50:01.622+0000] {processor.py:830} INFO - Processing file /opt/airflow/dags/churn_dag.py for tasks to queue
[2026-03-03T15:50:01.626+0000] {logging_mixin.py:188} INFO - [2026-03-03T15:50:01.625+0000] {dagbag.py:545} INFO - Filling up the DagBag from /opt/airflow/dags/churn_dag.py
[2026-03-03T15:50:01.699+0000] {processor.py:840} INFO - DAG(s) 'customer_churn_pipeline' retrieved from /opt/airflow/dags/churn_dag.py
[2026-03-03T15:50:01.750+0000] {logging_mixin.py:188} INFO - [2026-03-03T15:50:01.749+0000] {dag.py:3089} INFO - Sync 1 DAGs
[2026-03-03T15:50:01.782+0000] {logging_mixin.py:188} INFO - [2026-03-03T15:50:01.781+0000] {dag.py:3947} INFO - Setting next_dagrun for customer_churn_pipeline to None, run_after=None
[2026-03-03T15:50:01.843+0000] {processor.py:183} INFO - Processing /opt/airflow/dags/churn_dag.py took 0.237 seconds
[2026-03-03T15:50:33.037+0000] {processor.py:161} INFO - Started process (PID=211) to work on /opt/airflow/dags/churn_dag.py
[2026-03-03T15:50:33.040+0000] {processor.py:830} INFO - Processing file /opt/airflow/dags/churn_dag.py for tasks to queue
[2026-03-03T15:50:33.048+0000] {logging_mixin.py:188} INFO - [2026-03-03T15:50:33.046+0000] {dagbag.py:545} INFO - Filling up the DagBag from /opt/airflow/dags/churn_dag.py
[2026-03-03T15:50:33.132+0000] {processor.py:840} INFO - DAG(s) 'customer_churn_pipeline' retrieved from /opt/airflow/dags/churn_dag.py
[2026-03-03T15:50:33.204+0000] {logging_mixin.py:188} INFO - [2026-03-03T15:50:33.204+0000] {dag.py:3089} INFO - Sync 1 DAGs
[2026-03-03T15:50:33.232+0000] {logging_mixin.py:188} INFO - [2026-03-03T15:50:33.231+0000] {dag.py:3947} INFO - Setting next_dagrun for customer_churn_pipeline to None, run_after=None
[2026-03-03T15:50:33.296+0000] {processor.py:183} INFO - Processing /opt/airflow/dags/churn_dag.py took 0.273 seconds
[2026-03-03T15:51:04.275+0000] {processor.py:161} INFO - Started process (PID=212) to work on /opt/airflow/dags/churn_dag.py
[2026-03-03T15:51:04.278+0000] {processor.py:830} INFO - Processing file /opt/airflow/dags/churn_dag.py for tasks to queue
[2026-03-03T15:51:04.286+0000] {logging_mixin.py:188} INFO - [2026-03-03T15:51:04.285+0000] {dagbag.py:545} INFO - Filling up the DagBag from /opt/airflow/dags/churn_dag.py
[2026-03-03T15:51:04.370+0000] {processor.py:840} INFO - DAG(s) 'customer_churn_pipeline' retrieved from /opt/airflow/dags/churn_dag.py
[2026-03-03T15:51:04.436+0000] {logging_mixin.py:188} INFO - [2026-03-03T15:51:04.435+0000] {dag.py:3089} INFO - Sync 1 DAGs
[2026-03-03T15:51:04.466+0000] {logging_mixin.py:188} INFO - [2026-03-03T15:51:04.466+0000] {dag.py:3947} INFO - Setting next_dagrun for customer_churn_pipeline to None, run_after=None
[2026-03-03T15:51:04.523+0000] {processor.py:183} INFO - Processing /opt/airflow/dags/churn_dag.py took 0.258 seconds
[2026-03-03T15:51:35.535+0000] {processor.py:161} INFO - Started process (PID=213) to work on /opt/airflow/dags/churn_dag.py
[2026-03-03T15:51:35.539+0000] {processor.py:830} INFO - Processing file /opt/airflow/dags/churn_dag.py for tasks to queue
[2026-03-03T15:51:35.546+0000] {logging_mixin.py:188} INFO - [2026-03-03T15:51:35.545+0000] {dagbag.py:545} INFO - Filling up the DagBag from /opt/airflow/dags/churn_dag.py
[2026-03-03T15:51:35.660+0000] {processor.py:840} INFO - DAG(s) 'customer_churn_pipeline' retrieved from /opt/airflow/dags/churn_dag.py
[2026-03-03T15:51:35.732+0000] {logging_mixin.py:188} INFO - [2026-03-03T15:51:35.731+0000] {dag.py:3089} INFO - Sync 1 DAGs
[2026-03-03T15:51:35.763+0000] {logging_mixin.py:188} INFO - [2026-03-03T15:51:35.762+0000] {dag.py:3947} INFO - Setting next_dagrun for customer_churn_pipeline to None, run_after=None
[2026-03-03T15:51:35.826+0000] {processor.py:183} INFO - Processing /opt/airflow/dags/churn_dag.py took 0.306 seconds
[2026-03-03T15:52:06.095+0000] {processor.py:161} INFO - Started process (PID=214) to work on /opt/airflow/dags/churn_dag.py
[2026-03-03T15:52:06.098+0000] {processor.py:830} INFO - Processing file /opt/airflow/dags/churn_dag.py for tasks to queue
[2026-03-03T15:52:06.102+0000] {logging_mixin.py:188} INFO - [2026-03-03T15:52:06.102+0000] {dagbag.py:545} INFO - Filling up the DagBag from /opt/airflow/dags/churn_dag.py
[2026-03-03T15:52:06.206+0000] {processor.py:840} INFO - DAG(s) 'customer_churn_pipeline' retrieved from /opt/airflow/dags/churn_dag.py
[2026-03-03T15:52:06.262+0000] {logging_mixin.py:188} INFO - [2026-03-03T15:52:06.261+0000] {dag.py:3089} INFO - Sync 1 DAGs
[2026-03-03T15:52:06.288+0000] {logging_mixin.py:188} INFO - [2026-03-03T15:52:06.288+0000] {dag.py:3947} INFO - Setting next_dagrun for customer_churn_pipeline to None, run_after=None
[2026-03-03T15:52:06.360+0000] {processor.py:183} INFO - Processing /opt/airflow/dags/churn_dag.py took 0.272 seconds
[2026-03-03T15:52:36.609+0000] {processor.py:161} INFO - Started process (PID=215) to work on /opt/airflow/dags/churn_dag.py
[2026-03-03T15:52:36.615+0000] {processor.py:830} INFO - Processing file /opt/airflow/dags/churn_dag.py for tasks to queue
[2026-03-03T15:52:36.621+0000] {logging_mixin.py:188} INFO - [2026-03-03T15:52:36.620+0000] {dagbag.py:545} INFO - Filling up the DagBag from /opt/airflow/dags/churn_dag.py
[2026-03-03T15:52:36.695+0000] {processor.py:840} INFO - DAG(s) 'customer_churn_pipeline' retrieved from /opt/airflow/dags/churn_dag.py
[2026-03-03T15:52:36.754+0000] {logging_mixin.py:188} INFO - [2026-03-03T15:52:36.754+0000] {dag.py:3089} INFO - Sync 1 DAGs
[2026-03-03T15:52:36.778+0000] {logging_mixin.py:188} INFO - [2026-03-03T15:52:36.778+0000] {dag.py:3947} INFO - Setting next_dagrun for customer_churn_pipeline to None, run_after=None
[2026-03-03T15:52:36.824+0000] {processor.py:183} INFO - Processing /opt/airflow/dags/churn_dag.py took 0.228 seconds
[2026-03-03T15:53:07.091+0000] {processor.py:161} INFO - Started process (PID=216) to work on /opt/airflow/dags/churn_dag.py
[2026-03-03T15:53:07.094+0000] {processor.py:830} INFO - Processing file /opt/airflow/dags/churn_dag.py for tasks to queue
[2026-03-03T15:53:07.099+0000] {logging_mixin.py:188} INFO - [2026-03-03T15:53:07.098+0000] {dagbag.py:545} INFO - Filling up the DagBag from /opt/airflow/dags/churn_dag.py
[2026-03-03T15:53:07.167+0000] {processor.py:840} INFO - DAG(s) 'customer_churn_pipeline' retrieved from /opt/airflow/dags/churn_dag.py
[2026-03-03T15:53:07.220+0000] {logging_mixin.py:188} INFO - [2026-03-03T15:53:07.220+0000] {dag.py:3089} INFO - Sync 1 DAGs
[2026-03-03T15:53:07.256+0000] {logging_mixin.py:188} INFO - [2026-03-03T15:53:07.255+0000] {dag.py:3947} INFO - Setting next_dagrun for customer_churn_pipeline to None, run_after=None
[2026-03-03T15:53:07.342+0000] {processor.py:183} INFO - Processing /opt/airflow/dags/churn_dag.py took 0.260 seconds
[2026-03-03T15:53:38.266+0000] {processor.py:161} INFO - Started process (PID=217) to work on /opt/airflow/dags/churn_dag.py
[2026-03-03T15:53:38.268+0000] {processor.py:830} INFO - Processing file /opt/airflow/dags/churn_dag.py for tasks to queue
[2026-03-03T15:53:38.271+0000] {logging_mixin.py:188} INFO - [2026-03-03T15:53:38.271+0000] {dagbag.py:545} INFO - Filling up the DagBag from /opt/airflow/dags/churn_dag.py
[2026-03-03T15:53:38.329+0000] {processor.py:840} INFO - DAG(s) 'customer_churn_pipeline' retrieved from /opt/airflow/dags/churn_dag.py
[2026-03-03T15:53:38.391+0000] {logging_mixin.py:188} INFO - [2026-03-03T15:53:38.391+0000] {dag.py:3089} INFO - Sync 1 DAGs
[2026-03-03T15:53:38.417+0000] {logging_mixin.py:188} INFO - [2026-03-03T15:53:38.417+0000] {dag.py:3947} INFO - Setting next_dagrun for customer_churn_pipeline to None, run_after=None
[2026-03-03T15:53:38.467+0000] {processor.py:183} INFO - Processing /opt/airflow/dags/churn_dag.py took 0.208 seconds
[2026-03-03T15:54:08.869+0000] {processor.py:161} INFO - Started process (PID=218) to work on /opt/airflow/dags/churn_dag.py
[2026-03-03T15:54:08.872+0000] {processor.py:830} INFO - Processing file /opt/airflow/dags/churn_dag.py for tasks to queue
[2026-03-03T15:54:08.877+0000] {logging_mixin.py:188} INFO - [2026-03-03T15:54:08.876+0000] {dagbag.py:545} INFO - Filling up the DagBag from /opt/airflow/dags/churn_dag.py
[2026-03-03T15:54:08.933+0000] {processor.py:840} INFO - DAG(s) 'customer_churn_pipeline' retrieved from /opt/airflow/dags/churn_dag.py
[2026-03-03T15:54:08.982+0000] {logging_mixin.py:188} INFO - [2026-03-03T15:54:08.981+0000] {dag.py:3089} INFO - Sync 1 DAGs
[2026-03-03T15:54:09.007+0000] {logging_mixin.py:188} INFO - [2026-03-03T15:54:09.006+0000] {dag.py:3947} INFO - Setting next_dagrun for customer_churn_pipeline to None, run_after=None
[2026-03-03T15:54:09.051+0000] {processor.py:183} INFO - Processing /opt/airflow/dags/churn_dag.py took 0.190 seconds
[2026-03-03T15:54:39.888+0000] {processor.py:161} INFO - Started process (PID=219) to work on /opt/airflow/dags/churn_dag.py
[2026-03-03T15:54:39.892+0000] {processor.py:830} INFO - Processing file /opt/airflow/dags/churn_dag.py for tasks to queue
[2026-03-03T15:54:39.900+0000] {logging_mixin.py:188} INFO - [2026-03-03T15:54:39.899+0000] {dagbag.py:545} INFO - Filling up the DagBag from /opt/airflow/dags/churn_dag.py
[2026-03-03T15:54:39.964+0000] {processor.py:840} INFO - DAG(s) 'customer_churn_pipeline' retrieved from /opt/airflow/dags/churn_dag.py
[2026-03-03T15:54:40.024+0000] {logging_mixin.py:188} INFO - [2026-03-03T15:54:40.023+0000] {dag.py:3089} INFO - Sync 1 DAGs
[2026-03-03T15:54:40.053+0000] {logging_mixin.py:188} INFO - [2026-03-03T15:54:40.053+0000] {dag.py:3947} INFO - Setting next_dagrun for customer_churn_pipeline to None, run_after=None
[2026-03-03T15:54:40.111+0000] {processor.py:183} INFO - Processing /opt/airflow/dags/churn_dag.py took 0.232 seconds
[2026-03-03T15:55:10.466+0000] {processor.py:161} INFO - Started process (PID=220) to work on /opt/airflow/dags/churn_dag.py
[2026-03-03T15:55:10.471+0000] {processor.py:830} INFO - Processing file /opt/airflow/dags/churn_dag.py for tasks to queue
[2026-03-03T15:55:10.480+0000] {logging_mixin.py:188} INFO - [2026-03-03T15:55:10.478+0000] {dagbag.py:545} INFO - Filling up the DagBag from /opt/airflow/dags/churn_dag.py
[2026-03-03T15:55:10.567+0000] {processor.py:840} INFO - DAG(s) 'customer_churn_pipeline' retrieved from /opt/airflow/dags/churn_dag.py
[2026-03-03T15:55:10.643+0000] {logging_mixin.py:188} INFO - [2026-03-03T15:55:10.643+0000] {dag.py:3089} INFO - Sync 1 DAGs
[2026-03-03T15:55:10.675+0000] {logging_mixin.py:188} INFO - [2026-03-03T15:55:10.674+0000] {dag.py:3947} INFO - Setting next_dagrun for customer_churn_pipeline to None, run_after=None
[2026-03-03T15:55:10.722+0000] {processor.py:183} INFO - Processing /opt/airflow/dags/churn_dag.py took 0.272 seconds
[2026-03-03T15:55:41.091+0000] {processor.py:161} INFO - Started process (PID=221) to work on /opt/airflow/dags/churn_dag.py
[2026-03-03T15:55:41.094+0000] {processor.py:830} INFO - Processing file /opt/airflow/dags/churn_dag.py for tasks to queue
[2026-03-03T15:55:41.099+0000] {logging_mixin.py:188} INFO - [2026-03-03T15:55:41.098+0000] {dagbag.py:545} INFO - Filling up the DagBag from /opt/airflow/dags/churn_dag.py
[2026-03-03T15:55:41.171+0000] {processor.py:840} INFO - DAG(s) 'customer_churn_pipeline' retrieved from /opt/airflow/dags/churn_dag.py
[2026-03-03T15:55:41.231+0000] {logging_mixin.py:188} INFO - [2026-03-03T15:55:41.230+0000] {dag.py:3089} INFO - Sync 1 DAGs
[2026-03-03T15:55:41.256+0000] {logging_mixin.py:188} INFO - [2026-03-03T15:55:41.256+0000] {dag.py:3947} INFO - Setting next_dagrun for customer_churn_pipeline to None, run_after=None
[2026-03-03T15:55:41.306+0000] {processor.py:183} INFO - Processing /opt/airflow/dags/churn_dag.py took 0.225 seconds
[2026-03-03T15:56:11.700+0000] {processor.py:161} INFO - Started process (PID=222) to work on /opt/airflow/dags/churn_dag.py
[2026-03-03T15:56:11.703+0000] {processor.py:830} INFO - Processing file /opt/airflow/dags/churn_dag.py for tasks to queue
[2026-03-03T15:56:11.711+0000] {logging_mixin.py:188} INFO - [2026-03-03T15:56:11.710+0000] {dagbag.py:545} INFO - Filling up the DagBag from /opt/airflow/dags/churn_dag.py
[2026-03-03T15:56:11.826+0000] {processor.py:840} INFO - DAG(s) 'customer_churn_pipeline' retrieved from /opt/airflow/dags/churn_dag.py
[2026-03-03T15:56:11.924+0000] {logging_mixin.py:188} INFO - [2026-03-03T15:56:11.924+0000] {dag.py:3089} INFO - Sync 1 DAGs
[2026-03-03T15:56:11.967+0000] {logging_mixin.py:188} INFO - [2026-03-03T15:56:11.967+0000] {dag.py:3947} INFO - Setting next_dagrun for customer_churn_pipeline to None, run_after=None
[2026-03-03T15:56:12.041+0000] {processor.py:183} INFO - Processing /opt/airflow/dags/churn_dag.py took 0.356 seconds
[2026-03-03T15:56:42.701+0000] {processor.py:161} INFO - Started process (PID=223) to work on /opt/airflow/dags/churn_dag.py
[2026-03-03T15:56:42.703+0000] {processor.py:830} INFO - Processing file /opt/airflow/dags/churn_dag.py for tasks to queue
[2026-03-03T15:56:42.706+0000] {logging_mixin.py:188} INFO - [2026-03-03T15:56:42.705+0000] {dagbag.py:545} INFO - Filling up the DagBag from /opt/airflow/dags/churn_dag.py
[2026-03-03T15:56:42.736+0000] {processor.py:840} INFO - DAG(s) 'customer_churn_pipeline' retrieved from /opt/airflow/dags/churn_dag.py
[2026-03-03T15:56:42.770+0000] {logging_mixin.py:188} INFO - [2026-03-03T15:56:42.770+0000] {dag.py:3089} INFO - Sync 1 DAGs
[2026-03-03T15:56:42.786+0000] {logging_mixin.py:188} INFO - [2026-03-03T15:56:42.786+0000] {dag.py:3947} INFO - Setting next_dagrun for customer_churn_pipeline to None, run_after=None
[2026-03-03T15:56:42.831+0000] {processor.py:183} INFO - Processing /opt/airflow/dags/churn_dag.py took 0.139 seconds
[2026-03-03T15:57:13.959+0000] {processor.py:161} INFO - Started process (PID=224) to work on /opt/airflow/dags/churn_dag.py
[2026-03-03T15:57:13.962+0000] {processor.py:830} INFO - Processing file /opt/airflow/dags/churn_dag.py for tasks to queue
[2026-03-03T15:57:13.968+0000] {logging_mixin.py:188} INFO - [2026-03-03T15:57:13.967+0000] {dagbag.py:545} INFO - Filling up the DagBag from /opt/airflow/dags/churn_dag.py
[2026-03-03T15:57:14.030+0000] {processor.py:840} INFO - DAG(s) 'customer_churn_pipeline' retrieved from /opt/airflow/dags/churn_dag.py
[2026-03-03T15:57:14.067+0000] {logging_mixin.py:188} INFO - [2026-03-03T15:57:14.067+0000] {dag.py:3089} INFO - Sync 1 DAGs
[2026-03-03T15:57:14.086+0000] {logging_mixin.py:188} INFO - [2026-03-03T15:57:14.086+0000] {dag.py:3947} INFO - Setting next_dagrun for customer_churn_pipeline to None, run_after=None
[2026-03-03T15:57:14.127+0000] {processor.py:183} INFO - Processing /opt/airflow/dags/churn_dag.py took 0.181 seconds
[2026-03-03T15:57:44.387+0000] {processor.py:161} INFO - Started process (PID=225) to work on /opt/airflow/dags/churn_dag.py
[2026-03-03T15:57:44.389+0000] {processor.py:830} INFO - Processing file /opt/airflow/dags/churn_dag.py for tasks to queue
[2026-03-03T15:57:44.392+0000] {logging_mixin.py:188} INFO - [2026-03-03T15:57:44.391+0000] {dagbag.py:545} INFO - Filling up the DagBag from /opt/airflow/dags/churn_dag.py
[2026-03-03T15:57:44.423+0000] {processor.py:840} INFO - DAG(s) 'customer_churn_pipeline' retrieved from /opt/airflow/dags/churn_dag.py
[2026-03-03T15:57:44.456+0000] {logging_mixin.py:188} INFO - [2026-03-03T15:57:44.455+0000] {dag.py:3089} INFO - Sync 1 DAGs
[2026-03-03T15:57:44.471+0000] {logging_mixin.py:188} INFO - [2026-03-03T15:57:44.470+0000] {dag.py:3947} INFO - Setting next_dagrun for customer_churn_pipeline to None, run_after=None
[2026-03-03T15:57:44.499+0000] {processor.py:183} INFO - Processing /opt/airflow/dags/churn_dag.py took 0.119 seconds
[2026-03-03T15:58:14.682+0000] {processor.py:161} INFO - Started process (PID=226) to work on /opt/airflow/dags/churn_dag.py
[2026-03-03T15:58:14.687+0000] {processor.py:830} INFO - Processing file /opt/airflow/dags/churn_dag.py for tasks to queue
[2026-03-03T15:58:14.692+0000] {logging_mixin.py:188} INFO - [2026-03-03T15:58:14.691+0000] {dagbag.py:545} INFO - Filling up the DagBag from /opt/airflow/dags/churn_dag.py
[2026-03-03T15:58:14.759+0000] {processor.py:840} INFO - DAG(s) 'customer_churn_pipeline' retrieved from /opt/airflow/dags/churn_dag.py
[2026-03-03T15:58:14.798+0000] {logging_mixin.py:188} INFO - [2026-03-03T15:58:14.798+0000] {dag.py:3089} INFO - Sync 1 DAGs
[2026-03-03T15:58:14.815+0000] {logging_mixin.py:188} INFO - [2026-03-03T15:58:14.814+0000] {dag.py:3947} INFO - Setting next_dagrun for customer_churn_pipeline to None, run_after=None
[2026-03-03T15:58:14.844+0000] {processor.py:183} INFO - Processing /opt/airflow/dags/churn_dag.py took 0.173 seconds
[2026-03-03T15:58:45.185+0000] {processor.py:161} INFO - Started process (PID=227) to work on /opt/airflow/dags/churn_dag.py
[2026-03-03T15:58:45.188+0000] {processor.py:830} INFO - Processing file /opt/airflow/dags/churn_dag.py for tasks to queue
[2026-03-03T15:58:45.193+0000] {logging_mixin.py:188} INFO - [2026-03-03T15:58:45.192+0000] {dagbag.py:545} INFO - Filling up the DagBag from /opt/airflow/dags/churn_dag.py
[2026-03-03T15:58:45.238+0000] {processor.py:840} INFO - DAG(s) 'customer_churn_pipeline' retrieved from /opt/airflow/dags/churn_dag.py
[2026-03-03T15:58:45.294+0000] {logging_mixin.py:188} INFO - [2026-03-03T15:58:45.294+0000] {dag.py:3089} INFO - Sync 1 DAGs
[2026-03-03T15:58:45.314+0000] {logging_mixin.py:188} INFO - [2026-03-03T15:58:45.314+0000] {dag.py:3947} INFO - Setting next_dagrun for customer_churn_pipeline to None, run_after=None
[2026-03-03T15:58:45.356+0000] {processor.py:183} INFO - Processing /opt/airflow/dags/churn_dag.py took 0.185 seconds
[2026-03-03T15:59:15.613+0000] {processor.py:161} INFO - Started process (PID=228) to work on /opt/airflow/dags/churn_dag.py
[2026-03-03T15:59:15.616+0000] {processor.py:830} INFO - Processing file /opt/airflow/dags/churn_dag.py for tasks to queue
[2026-03-03T15:59:15.623+0000] {logging_mixin.py:188} INFO - [2026-03-03T15:59:15.622+0000] {dagbag.py:545} INFO - Filling up the DagBag from /opt/airflow/dags/churn_dag.py
[2026-03-03T15:59:15.717+0000] {processor.py:840} INFO - DAG(s) 'customer_churn_pipeline' retrieved from /opt/airflow/dags/churn_dag.py
[2026-03-03T15:59:15.766+0000] {logging_mixin.py:188} INFO - [2026-03-03T15:59:15.766+0000] {dag.py:3089} INFO - Sync 1 DAGs
[2026-03-03T15:59:15.789+0000] {logging_mixin.py:188} INFO - [2026-03-03T15:59:15.788+0000] {dag.py:3947} INFO - Setting next_dagrun for customer_churn_pipeline to None, run_after=None
[2026-03-03T15:59:15.843+0000] {processor.py:183} INFO - Processing /opt/airflow/dags/churn_dag.py took 0.241 seconds
[2026-03-03T15:59:46.235+0000] {processor.py:161} INFO - Started process (PID=229) to work on /opt/airflow/dags/churn_dag.py
[2026-03-03T15:59:46.237+0000] {processor.py:830} INFO - Processing file /opt/airflow/dags/churn_dag.py for tasks to queue
[2026-03-03T15:59:46.242+0000] {logging_mixin.py:188} INFO - [2026-03-03T15:59:46.241+0000] {dagbag.py:545} INFO - Filling up the DagBag from /opt/airflow/dags/churn_dag.py
[2026-03-03T15:59:46.282+0000] {processor.py:840} INFO - DAG(s) 'customer_churn_pipeline' retrieved from /opt/airflow/dags/churn_dag.py
[2026-03-03T15:59:46.334+0000] {logging_mixin.py:188} INFO - [2026-03-03T15:59:46.334+0000] {dag.py:3089} INFO - Sync 1 DAGs
[2026-03-03T15:59:46.354+0000] {logging_mixin.py:188} INFO - [2026-03-03T15:59:46.353+0000] {dag.py:3947} INFO - Setting next_dagrun for customer_churn_pipeline to None, run_after=None
[2026-03-03T15:59:46.389+0000] {processor.py:183} INFO - Processing /opt/airflow/dags/churn_dag.py took 0.166 seconds
[2026-03-03T16:00:16.643+0000] {processor.py:161} INFO - Started process (PID=230) to work on /opt/airflow/dags/churn_dag.py
[2026-03-03T16:00:16.646+0000] {processor.py:830} INFO - Processing file /opt/airflow/dags/churn_dag.py for tasks to queue
[2026-03-03T16:00:16.652+0000] {logging_mixin.py:188} INFO - [2026-03-03T16:00:16.651+0000] {dagbag.py:545} INFO - Filling up the DagBag from /opt/airflow/dags/churn_dag.py
[2026-03-03T16:00:16.740+0000] {processor.py:840} INFO - DAG(s) 'customer_churn_pipeline' retrieved from /opt/airflow/dags/churn_dag.py
[2026-03-03T16:00:16.795+0000] {logging_mixin.py:188} INFO - [2026-03-03T16:00:16.795+0000] {dag.py:3089} INFO - Sync 1 DAGs
[2026-03-03T16:00:16.818+0000] {logging_mixin.py:188} INFO - [2026-03-03T16:00:16.817+0000] {dag.py:3947} INFO - Setting next_dagrun for customer_churn_pipeline to None, run_after=None
[2026-03-03T16:00:16.877+0000] {processor.py:183} INFO - Processing /opt/airflow/dags/churn_dag.py took 0.248 seconds
[2026-03-03T16:00:47.842+0000] {processor.py:161} INFO - Started process (PID=231) to work on /opt/airflow/dags/churn_dag.py
[2026-03-03T16:00:47.846+0000] {processor.py:830} INFO - Processing file /opt/airflow/dags/churn_dag.py for tasks to queue
[2026-03-03T16:00:47.852+0000] {logging_mixin.py:188} INFO - [2026-03-03T16:00:47.851+0000] {dagbag.py:545} INFO - Filling up the DagBag from /opt/airflow/dags/churn_dag.py
[2026-03-03T16:00:47.936+0000] {processor.py:840} INFO - DAG(s) 'customer_churn_pipeline' retrieved from /opt/airflow/dags/churn_dag.py
[2026-03-03T16:00:47.988+0000] {logging_mixin.py:188} INFO - [2026-03-03T16:00:47.988+0000] {dag.py:3089} INFO - Sync 1 DAGs
[2026-03-03T16:00:48.004+0000] {logging_mixin.py:188} INFO - [2026-03-03T16:00:48.004+0000] {dag.py:3947} INFO - Setting next_dagrun for customer_churn_pipeline to None, run_after=None
[2026-03-03T16:00:48.064+0000] {processor.py:183} INFO - Processing /opt/airflow/dags/churn_dag.py took 0.234 seconds
[2026-03-03T16:01:18.422+0000] {processor.py:161} INFO - Started process (PID=232) to work on /opt/airflow/dags/churn_dag.py
[2026-03-03T16:01:18.426+0000] {processor.py:830} INFO - Processing file /opt/airflow/dags/churn_dag.py for tasks to queue
[2026-03-03T16:01:18.432+0000] {logging_mixin.py:188} INFO - [2026-03-03T16:01:18.431+0000] {dagbag.py:545} INFO - Filling up the DagBag from /opt/airflow/dags/churn_dag.py
[2026-03-03T16:01:18.546+0000] {processor.py:840} INFO - DAG(s) 'customer_churn_pipeline' retrieved from /opt/airflow/dags/churn_dag.py
[2026-03-03T16:01:18.595+0000] {logging_mixin.py:188} INFO - [2026-03-03T16:01:18.595+0000] {dag.py:3089} INFO - Sync 1 DAGs
[2026-03-03T16:01:18.619+0000] {logging_mixin.py:188} INFO - [2026-03-03T16:01:18.618+0000] {dag.py:3947} INFO - Setting next_dagrun for customer_churn_pipeline to None, run_after=None
[2026-03-03T16:01:18.673+0000] {processor.py:183} INFO - Processing /opt/airflow/dags/churn_dag.py took 0.263 seconds
[2026-03-03T16:01:48.894+0000] {processor.py:161} INFO - Started process (PID=233) to work on /opt/airflow/dags/churn_dag.py
[2026-03-03T16:01:48.896+0000] {processor.py:830} INFO - Processing file /opt/airflow/dags/churn_dag.py for tasks to queue
[2026-03-03T16:01:48.900+0000] {logging_mixin.py:188} INFO - [2026-03-03T16:01:48.899+0000] {dagbag.py:545} INFO - Filling up the DagBag from /opt/airflow/dags/churn_dag.py
[2026-03-03T16:01:48.936+0000] {processor.py:840} INFO - DAG(s) 'customer_churn_pipeline' retrieved from /opt/airflow/dags/churn_dag.py
[2026-03-03T16:01:48.973+0000] {logging_mixin.py:188} INFO - [2026-03-03T16:01:48.972+0000] {dag.py:3089} INFO - Sync 1 DAGs
[2026-03-03T16:01:48.987+0000] {logging_mixin.py:188} INFO - [2026-03-03T16:01:48.987+0000] {dag.py:3947} INFO - Setting next_dagrun for customer_churn_pipeline to None, run_after=None
[2026-03-03T16:01:49.020+0000] {processor.py:183} INFO - Processing /opt/airflow/dags/churn_dag.py took 0.137 seconds
[2026-03-03T16:02:19.373+0000] {processor.py:161} INFO - Started process (PID=234) to work on /opt/airflow/dags/churn_dag.py
[2026-03-03T16:02:19.376+0000] {processor.py:830} INFO - Processing file /opt/airflow/dags/churn_dag.py for tasks to queue
[2026-03-03T16:02:19.381+0000] {logging_mixin.py:188} INFO - [2026-03-03T16:02:19.380+0000] {dagbag.py:545} INFO - Filling up the DagBag from /opt/airflow/dags/churn_dag.py
[2026-03-03T16:02:19.464+0000] {processor.py:840} INFO - DAG(s) 'customer_churn_pipeline' retrieved from /opt/airflow/dags/churn_dag.py
[2026-03-03T16:02:19.502+0000] {logging_mixin.py:188} INFO - [2026-03-03T16:02:19.501+0000] {dag.py:3089} INFO - Sync 1 DAGs
[2026-03-03T16:02:19.520+0000] {logging_mixin.py:188} INFO - [2026-03-03T16:02:19.519+0000] {dag.py:3947} INFO - Setting next_dagrun for customer_churn_pipeline to None, run_after=None
[2026-03-03T16:02:19.583+0000] {processor.py:183} INFO - Processing /opt/airflow/dags/churn_dag.py took 0.222 seconds
[2026-03-03T16:02:50.565+0000] {processor.py:161} INFO - Started process (PID=235) to work on /opt/airflow/dags/churn_dag.py
[2026-03-03T16:02:50.569+0000] {processor.py:830} INFO - Processing file /opt/airflow/dags/churn_dag.py for tasks to queue
[2026-03-03T16:02:50.575+0000] {logging_mixin.py:188} INFO - [2026-03-03T16:02:50.574+0000] {dagbag.py:545} INFO - Filling up the DagBag from /opt/airflow/dags/churn_dag.py
[2026-03-03T16:02:50.671+0000] {processor.py:840} INFO - DAG(s) 'customer_churn_pipeline' retrieved from /opt/airflow/dags/churn_dag.py
[2026-03-03T16:02:50.743+0000] {logging_mixin.py:188} INFO - [2026-03-03T16:02:50.742+0000] {dag.py:3089} INFO - Sync 1 DAGs
[2026-03-03T16:02:50.773+0000] {logging_mixin.py:188} INFO - [2026-03-03T16:02:50.772+0000] {dag.py:3947} INFO - Setting next_dagrun for customer_churn_pipeline to None, run_after=None
[2026-03-03T16:02:50.820+0000] {processor.py:183} INFO - Processing /opt/airflow/dags/churn_dag.py took 0.269 seconds
[2026-03-03T16:03:21.858+0000] {processor.py:161} INFO - Started process (PID=236) to work on /opt/airflow/dags/churn_dag.py
[2026-03-03T16:03:21.863+0000] {processor.py:830} INFO - Processing file /opt/airflow/dags/churn_dag.py for tasks to queue
[2026-03-03T16:03:21.869+0000] {logging_mixin.py:188} INFO - [2026-03-03T16:03:21.869+0000] {dagbag.py:545} INFO - Filling up the DagBag from /opt/airflow/dags/churn_dag.py
[2026-03-03T16:03:21.976+0000] {processor.py:840} INFO - DAG(s) 'customer_churn_pipeline' retrieved from /opt/airflow/dags/churn_dag.py
[2026-03-03T16:03:22.017+0000] {logging_mixin.py:188} INFO - [2026-03-03T16:03:22.016+0000] {dag.py:3089} INFO - Sync 1 DAGs
[2026-03-03T16:03:22.031+0000] {logging_mixin.py:188} INFO - [2026-03-03T16:03:22.031+0000] {dag.py:3947} INFO - Setting next_dagrun for customer_churn_pipeline to None, run_after=None
[2026-03-03T16:03:22.067+0000] {processor.py:183} INFO - Processing /opt/airflow/dags/churn_dag.py took 0.221 seconds
[2026-03-03T16:03:53.219+0000] {processor.py:161} INFO - Started process (PID=237) to work on /opt/airflow/dags/churn_dag.py
[2026-03-03T16:03:53.223+0000] {processor.py:830} INFO - Processing file /opt/airflow/dags/churn_dag.py for tasks to queue
[2026-03-03T16:03:53.230+0000] {logging_mixin.py:188} INFO - [2026-03-03T16:03:53.229+0000] {dagbag.py:545} INFO - Filling up the DagBag from /opt/airflow/dags/churn_dag.py
[2026-03-03T16:03:53.335+0000] {processor.py:840} INFO - DAG(s) 'customer_churn_pipeline' retrieved from /opt/airflow/dags/churn_dag.py
[2026-03-03T16:03:53.378+0000] {logging_mixin.py:188} INFO - [2026-03-03T16:03:53.378+0000] {dag.py:3089} INFO - Sync 1 DAGs
[2026-03-03T16:03:53.394+0000] {logging_mixin.py:188} INFO - [2026-03-03T16:03:53.393+0000] {dag.py:3947} INFO - Setting next_dagrun for customer_churn_pipeline to None, run_after=None
[2026-03-03T16:03:53.439+0000] {processor.py:183} INFO - Processing /opt/airflow/dags/churn_dag.py took 0.237 seconds
[2026-03-03T16:04:23.685+0000] {processor.py:161} INFO - Started process (PID=238) to work on /opt/airflow/dags/churn_dag.py
[2026-03-03T16:04:23.690+0000] {processor.py:830} INFO - Processing file /opt/airflow/dags/churn_dag.py for tasks to queue
[2026-03-03T16:04:23.695+0000] {logging_mixin.py:188} INFO - [2026-03-03T16:04:23.694+0000] {dagbag.py:545} INFO - Filling up the DagBag from /opt/airflow/dags/churn_dag.py
[2026-03-03T16:04:23.777+0000] {processor.py:840} INFO - DAG(s) 'customer_churn_pipeline' retrieved from /opt/airflow/dags/churn_dag.py
[2026-03-03T16:04:23.821+0000] {logging_mixin.py:188} INFO - [2026-03-03T16:04:23.820+0000] {dag.py:3089} INFO - Sync 1 DAGs
[2026-03-03T16:04:23.839+0000] {logging_mixin.py:188} INFO - [2026-03-03T16:04:23.838+0000] {dag.py:3947} INFO - Setting next_dagrun for customer_churn_pipeline to None, run_after=None
[2026-03-03T16:04:23.869+0000] {processor.py:183} INFO - Processing /opt/airflow/dags/churn_dag.py took 0.196 seconds
[2026-03-03T16:04:54.876+0000] {processor.py:161} INFO - Started process (PID=239) to work on /opt/airflow/dags/churn_dag.py
[2026-03-03T16:04:54.880+0000] {processor.py:830} INFO - Processing file /opt/airflow/dags/churn_dag.py for tasks to queue
[2026-03-03T16:04:54.885+0000] {logging_mixin.py:188} INFO - [2026-03-03T16:04:54.884+0000] {dagbag.py:545} INFO - Filling up the DagBag from /opt/airflow/dags/churn_dag.py
[2026-03-03T16:04:55.010+0000] {processor.py:840} INFO - DAG(s) 'customer_churn_pipeline' retrieved from /opt/airflow/dags/churn_dag.py
[2026-03-03T16:04:55.051+0000] {logging_mixin.py:188} INFO - [2026-03-03T16:04:55.051+0000] {dag.py:3089} INFO - Sync 1 DAGs
[2026-03-03T16:04:55.069+0000] {logging_mixin.py:188} INFO - [2026-03-03T16:04:55.069+0000] {dag.py:3947} INFO - Setting next_dagrun for customer_churn_pipeline to None, run_after=None
[2026-03-03T16:04:55.115+0000] {processor.py:183} INFO - Processing /opt/airflow/dags/churn_dag.py took 0.252 seconds
[2026-03-03T16:05:25.686+0000] {processor.py:161} INFO - Started process (PID=240) to work on /opt/airflow/dags/churn_dag.py
[2026-03-03T16:05:25.690+0000] {processor.py:830} INFO - Processing file /opt/airflow/dags/churn_dag.py for tasks to queue
[2026-03-03T16:05:25.699+0000] {logging_mixin.py:188} INFO - [2026-03-03T16:05:25.698+0000] {dagbag.py:545} INFO - Filling up the DagBag from /opt/airflow/dags/churn_dag.py
[2026-03-03T16:05:25.823+0000] {processor.py:840} INFO - DAG(s) 'customer_churn_pipeline' retrieved from /opt/airflow/dags/churn_dag.py
[2026-03-03T16:05:25.869+0000] {logging_mixin.py:188} INFO - [2026-03-03T16:05:25.869+0000] {dag.py:3089} INFO - Sync 1 DAGs
[2026-03-03T16:05:25.891+0000] {logging_mixin.py:188} INFO - [2026-03-03T16:05:25.891+0000] {dag.py:3947} INFO - Setting next_dagrun for customer_churn_pipeline to None, run_after=None
[2026-03-03T16:05:25.941+0000] {processor.py:183} INFO - Processing /opt/airflow/dags/churn_dag.py took 0.270 seconds
[2026-03-03T16:05:56.896+0000] {processor.py:161} INFO - Started process (PID=241) to work on /opt/airflow/dags/churn_dag.py
[2026-03-03T16:05:56.898+0000] {processor.py:830} INFO - Processing file /opt/airflow/dags/churn_dag.py for tasks to queue
[2026-03-03T16:05:56.901+0000] {logging_mixin.py:188} INFO - [2026-03-03T16:05:56.900+0000] {dagbag.py:545} INFO - Filling up the DagBag from /opt/airflow/dags/churn_dag.py
[2026-03-03T16:05:56.986+0000] {processor.py:840} INFO - DAG(s) 'customer_churn_pipeline' retrieved from /opt/airflow/dags/churn_dag.py
[2026-03-03T16:05:57.025+0000] {logging_mixin.py:188} INFO - [2026-03-03T16:05:57.024+0000] {dag.py:3089} INFO - Sync 1 DAGs
[2026-03-03T16:05:57.039+0000] {logging_mixin.py:188} INFO - [2026-03-03T16:05:57.039+0000] {dag.py:3947} INFO - Setting next_dagrun for customer_churn_pipeline to None, run_after=None
[2026-03-03T16:05:57.089+0000] {processor.py:183} INFO - Processing /opt/airflow/dags/churn_dag.py took 0.201 seconds
[2026-03-03T16:06:27.429+0000] {processor.py:161} INFO - Started process (PID=242) to work on /opt/airflow/dags/churn_dag.py
[2026-03-03T16:06:27.433+0000] {processor.py:830} INFO - Processing file /opt/airflow/dags/churn_dag.py for tasks to queue
[2026-03-03T16:06:27.437+0000] {logging_mixin.py:188} INFO - [2026-03-03T16:06:27.436+0000] {dagbag.py:545} INFO - Filling up the DagBag from /opt/airflow/dags/churn_dag.py
[2026-03-03T16:06:27.545+0000] {processor.py:840} INFO - DAG(s) 'customer_churn_pipeline' retrieved from /opt/airflow/dags/churn_dag.py
[2026-03-03T16:06:27.587+0000] {logging_mixin.py:188} INFO - [2026-03-03T16:06:27.587+0000] {dag.py:3089} INFO - Sync 1 DAGs
[2026-03-03T16:06:27.602+0000] {logging_mixin.py:188} INFO - [2026-03-03T16:06:27.602+0000] {dag.py:3947} INFO - Setting next_dagrun for customer_churn_pipeline to None, run_after=None
[2026-03-03T16:06:27.643+0000] {processor.py:183} INFO - Processing /opt/airflow/dags/churn_dag.py took 0.224 seconds
[2026-03-03T16:06:58.579+0000] {processor.py:161} INFO - Started process (PID=243) to work on /opt/airflow/dags/churn_dag.py
[2026-03-03T16:06:58.582+0000] {processor.py:830} INFO - Processing file /opt/airflow/dags/churn_dag.py for tasks to queue
[2026-03-03T16:06:58.586+0000] {logging_mixin.py:188} INFO - [2026-03-03T16:06:58.585+0000] {dagbag.py:545} INFO - Filling up the DagBag from /opt/airflow/dags/churn_dag.py
[2026-03-03T16:06:58.630+0000] {processor.py:840} INFO - DAG(s) 'customer_churn_pipeline' retrieved from /opt/airflow/dags/churn_dag.py
[2026-03-03T16:06:58.682+0000] {logging_mixin.py:188} INFO - [2026-03-03T16:06:58.681+0000] {dag.py:3089} INFO - Sync 1 DAGs
[2026-03-03T16:06:58.717+0000] {logging_mixin.py:188} INFO - [2026-03-03T16:06:58.717+0000] {dag.py:3947} INFO - Setting next_dagrun for customer_churn_pipeline to None, run_after=None
[2026-03-03T16:06:58.784+0000] {processor.py:183} INFO - Processing /opt/airflow/dags/churn_dag.py took 0.213 seconds
[2026-03-03T16:07:29.080+0000] {processor.py:161} INFO - Started process (PID=244) to work on /opt/airflow/dags/churn_dag.py
[2026-03-03T16:07:29.084+0000] {processor.py:830} INFO - Processing file /opt/airflow/dags/churn_dag.py for tasks to queue
[2026-03-03T16:07:29.090+0000] {logging_mixin.py:188} INFO - [2026-03-03T16:07:29.089+0000] {dagbag.py:545} INFO - Filling up the DagBag from /opt/airflow/dags/churn_dag.py
[2026-03-03T16:07:29.182+0000] {processor.py:840} INFO - DAG(s) 'customer_churn_pipeline' retrieved from /opt/airflow/dags/churn_dag.py
[2026-03-03T16:07:29.222+0000] {logging_mixin.py:188} INFO - [2026-03-03T16:07:29.222+0000] {dag.py:3089} INFO - Sync 1 DAGs
[2026-03-03T16:07:29.243+0000] {logging_mixin.py:188} INFO - [2026-03-03T16:07:29.243+0000] {dag.py:3947} INFO - Setting next_dagrun for customer_churn_pipeline to None, run_after=None
[2026-03-03T16:07:29.282+0000] {processor.py:183} INFO - Processing /opt/airflow/dags/churn_dag.py took 0.216 seconds
[2026-03-03T16:08:00.175+0000] {processor.py:161} INFO - Started process (PID=245) to work on /opt/airflow/dags/churn_dag.py
[2026-03-03T16:08:00.177+0000] {processor.py:830} INFO - Processing file /opt/airflow/dags/churn_dag.py for tasks to queue
[2026-03-03T16:08:00.181+0000] {logging_mixin.py:188} INFO - [2026-03-03T16:08:00.180+0000] {dagbag.py:545} INFO - Filling up the DagBag from /opt/airflow/dags/churn_dag.py
[2026-03-03T16:08:00.243+0000] {processor.py:840} INFO - DAG(s) 'customer_churn_pipeline' retrieved from /opt/airflow/dags/churn_dag.py
[2026-03-03T16:08:00.297+0000] {logging_mixin.py:188} INFO - [2026-03-03T16:08:00.296+0000] {dag.py:3089} INFO - Sync 1 DAGs
[2026-03-03T16:08:00.318+0000] {logging_mixin.py:188} INFO - [2026-03-03T16:08:00.318+0000] {dag.py:3947} INFO - Setting next_dagrun for customer_churn_pipeline to None, run_after=None
[2026-03-03T16:08:00.358+0000] {processor.py:183} INFO - Processing /opt/airflow/dags/churn_dag.py took 0.196 seconds
[2026-03-03T16:08:31.267+0000] {processor.py:161} INFO - Started process (PID=246) to work on /opt/airflow/dags/churn_dag.py
[2026-03-03T16:08:31.270+0000] {processor.py:830} INFO - Processing file /opt/airflow/dags/churn_dag.py for tasks to queue
[2026-03-03T16:08:31.277+0000] {logging_mixin.py:188} INFO - [2026-03-03T16:08:31.276+0000] {dagbag.py:545} INFO - Filling up the DagBag from /opt/airflow/dags/churn_dag.py
[2026-03-03T16:08:31.384+0000] {processor.py:840} INFO - DAG(s) 'customer_churn_pipeline' retrieved from /opt/airflow/dags/churn_dag.py
[2026-03-03T16:08:31.427+0000] {logging_mixin.py:188} INFO - [2026-03-03T16:08:31.426+0000] {dag.py:3089} INFO - Sync 1 DAGs
[2026-03-03T16:08:31.450+0000] {logging_mixin.py:188} INFO - [2026-03-03T16:08:31.449+0000] {dag.py:3947} INFO - Setting next_dagrun for customer_churn_pipeline to None, run_after=None
[2026-03-03T16:08:31.507+0000] {processor.py:183} INFO - Processing /opt/airflow/dags/churn_dag.py took 0.256 seconds
[2026-03-03T16:09:02.055+0000] {processor.py:161} INFO - Started process (PID=247) to work on /opt/airflow/dags/churn_dag.py
[2026-03-03T16:09:02.059+0000] {processor.py:830} INFO - Processing file /opt/airflow/dags/churn_dag.py for tasks to queue
[2026-03-03T16:09:02.067+0000] {logging_mixin.py:188} INFO - [2026-03-03T16:09:02.066+0000] {dagbag.py:545} INFO - Filling up the DagBag from /opt/airflow/dags/churn_dag.py
[2026-03-03T16:09:02.167+0000] {processor.py:840} INFO - DAG(s) 'customer_churn_pipeline' retrieved from /opt/airflow/dags/churn_dag.py
[2026-03-03T16:09:02.246+0000] {logging_mixin.py:188} INFO - [2026-03-03T16:09:02.245+0000] {dag.py:3089} INFO - Sync 1 DAGs
[2026-03-03T16:09:02.275+0000] {logging_mixin.py:188} INFO - [2026-03-03T16:09:02.274+0000] {dag.py:3947} INFO - Setting next_dagrun for customer_churn_pipeline to None, run_after=None
[2026-03-03T16:09:02.328+0000] {processor.py:183} INFO - Processing /opt/airflow/dags/churn_dag.py took 0.282 seconds
[2026-03-03T16:09:32.658+0000] {processor.py:161} INFO - Started process (PID=248) to work on /opt/airflow/dags/churn_dag.py
[2026-03-03T16:09:32.660+0000] {processor.py:830} INFO - Processing file /opt/airflow/dags/churn_dag.py for tasks to queue
[2026-03-03T16:09:32.664+0000] {logging_mixin.py:188} INFO - [2026-03-03T16:09:32.664+0000] {dagbag.py:545} INFO - Filling up the DagBag from /opt/airflow/dags/churn_dag.py
[2026-03-03T16:09:32.703+0000] {processor.py:840} INFO - DAG(s) 'customer_churn_pipeline' retrieved from /opt/airflow/dags/churn_dag.py
[2026-03-03T16:09:32.748+0000] {logging_mixin.py:188} INFO - [2026-03-03T16:09:32.748+0000] {dag.py:3089} INFO - Sync 1 DAGs
[2026-03-03T16:09:32.766+0000] {logging_mixin.py:188} INFO - [2026-03-03T16:09:32.766+0000] {dag.py:3947} INFO - Setting next_dagrun for customer_churn_pipeline to None, run_after=None
[2026-03-03T16:09:32.817+0000] {processor.py:183} INFO - Processing /opt/airflow/dags/churn_dag.py took 0.171 seconds
[2026-03-03T16:10:02.892+0000] {processor.py:161} INFO - Started process (PID=249) to work on /opt/airflow/dags/churn_dag.py
[2026-03-03T16:10:02.894+0000] {processor.py:830} INFO - Processing file /opt/airflow/dags/churn_dag.py for tasks to queue
[2026-03-03T16:10:02.898+0000] {logging_mixin.py:188} INFO - [2026-03-03T16:10:02.897+0000] {dagbag.py:545} INFO - Filling up the DagBag from /opt/airflow/dags/churn_dag.py
[2026-03-03T16:10:02.927+0000] {processor.py:840} INFO - DAG(s) 'customer_churn_pipeline' retrieved from /opt/airflow/dags/churn_dag.py
[2026-03-03T16:10:02.974+0000] {logging_mixin.py:188} INFO - [2026-03-03T16:10:02.974+0000] {dag.py:3089} INFO - Sync 1 DAGs
[2026-03-03T16:10:03.000+0000] {logging_mixin.py:188} INFO - [2026-03-03T16:10:03.000+0000] {dag.py:3947} INFO - Setting next_dagrun for customer_churn_pipeline to None, run_after=None
[2026-03-03T16:10:03.043+0000] {processor.py:183} INFO - Processing /opt/airflow/dags/churn_dag.py took 0.164 seconds
[2026-03-03T16:10:33.359+0000] {processor.py:161} INFO - Started process (PID=250) to work on /opt/airflow/dags/churn_dag.py
[2026-03-03T16:10:33.362+0000] {processor.py:830} INFO - Processing file /opt/airflow/dags/churn_dag.py for tasks to queue
[2026-03-03T16:10:33.366+0000] {logging_mixin.py:188} INFO - [2026-03-03T16:10:33.365+0000] {dagbag.py:545} INFO - Filling up the DagBag from /opt/airflow/dags/churn_dag.py
[2026-03-03T16:10:33.456+0000] {processor.py:840} INFO - DAG(s) 'customer_churn_pipeline' retrieved from /opt/airflow/dags/churn_dag.py
[2026-03-03T16:10:33.504+0000] {logging_mixin.py:188} INFO - [2026-03-03T16:10:33.504+0000] {dag.py:3089} INFO - Sync 1 DAGs
[2026-03-03T16:10:33.521+0000] {logging_mixin.py:188} INFO - [2026-03-03T16:10:33.520+0000] {dag.py:3947} INFO - Setting next_dagrun for customer_churn_pipeline to None, run_after=None
[2026-03-03T16:10:33.554+0000] {processor.py:183} INFO - Processing /opt/airflow/dags/churn_dag.py took 0.207 seconds
[2026-03-03T16:11:04.291+0000] {processor.py:161} INFO - Started process (PID=251) to work on /opt/airflow/dags/churn_dag.py
[2026-03-03T16:11:04.293+0000] {processor.py:830} INFO - Processing file /opt/airflow/dags/churn_dag.py for tasks to queue
[2026-03-03T16:11:04.297+0000] {logging_mixin.py:188} INFO - [2026-03-03T16:11:04.296+0000] {dagbag.py:545} INFO - Filling up the DagBag from /opt/airflow/dags/churn_dag.py
[2026-03-03T16:11:04.338+0000] {processor.py:840} INFO - DAG(s) 'customer_churn_pipeline' retrieved from /opt/airflow/dags/churn_dag.py
[2026-03-03T16:11:04.400+0000] {logging_mixin.py:188} INFO - [2026-03-03T16:11:04.400+0000] {dag.py:3089} INFO - Sync 1 DAGs
[2026-03-03T16:11:04.426+0000] {logging_mixin.py:188} INFO - [2026-03-03T16:11:04.426+0000] {dag.py:3947} INFO - Setting next_dagrun for customer_churn_pipeline to None, run_after=None
[2026-03-03T16:11:04.469+0000] {processor.py:183} INFO - Processing /opt/airflow/dags/churn_dag.py took 0.188 seconds
[2026-03-03T16:11:34.896+0000] {processor.py:161} INFO - Started process (PID=252) to work on /opt/airflow/dags/churn_dag.py
[2026-03-03T16:11:34.898+0000] {processor.py:830} INFO - Processing file /opt/airflow/dags/churn_dag.py for tasks to queue
[2026-03-03T16:11:34.902+0000] {logging_mixin.py:188} INFO - [2026-03-03T16:11:34.901+0000] {dagbag.py:545} INFO - Filling up the DagBag from /opt/airflow/dags/churn_dag.py
[2026-03-03T16:11:34.938+0000] {processor.py:840} INFO - DAG(s) 'customer_churn_pipeline' retrieved from /opt/airflow/dags/churn_dag.py
[2026-03-03T16:11:34.986+0000] {logging_mixin.py:188} INFO - [2026-03-03T16:11:34.986+0000] {dag.py:3089} INFO - Sync 1 DAGs
[2026-03-03T16:11:35.005+0000] {logging_mixin.py:188} INFO - [2026-03-03T16:11:35.004+0000] {dag.py:3947} INFO - Setting next_dagrun for customer_churn_pipeline to None, run_after=None
[2026-03-03T16:11:35.039+0000] {processor.py:183} INFO - Processing /opt/airflow/dags/churn_dag.py took 0.154 seconds
[2026-03-03T16:12:05.911+0000] {processor.py:161} INFO - Started process (PID=253) to work on /opt/airflow/dags/churn_dag.py
[2026-03-03T16:12:05.913+0000] {processor.py:830} INFO - Processing file /opt/airflow/dags/churn_dag.py for tasks to queue
[2026-03-03T16:12:05.917+0000] {logging_mixin.py:188} INFO - [2026-03-03T16:12:05.916+0000] {dagbag.py:545} INFO - Filling up the DagBag from /opt/airflow/dags/churn_dag.py
[2026-03-03T16:12:05.951+0000] {processor.py:840} INFO - DAG(s) 'customer_churn_pipeline' retrieved from /opt/airflow/dags/churn_dag.py
[2026-03-03T16:12:05.983+0000] {logging_mixin.py:188} INFO - [2026-03-03T16:12:05.983+0000] {dag.py:3089} INFO - Sync 1 DAGs
[2026-03-03T16:12:06.000+0000] {logging_mixin.py:188} INFO - [2026-03-03T16:12:06.000+0000] {dag.py:3947} INFO - Setting next_dagrun for customer_churn_pipeline to None, run_after=None
[2026-03-03T16:12:06.030+0000] {processor.py:183} INFO - Processing /opt/airflow/dags/churn_dag.py took 0.129 seconds
[2026-03-03T16:12:36.493+0000] {processor.py:161} INFO - Started process (PID=254) to work on /opt/airflow/dags/churn_dag.py
[2026-03-03T16:12:36.495+0000] {processor.py:830} INFO - Processing file /opt/airflow/dags/churn_dag.py for tasks to queue
[2026-03-03T16:12:36.499+0000] {logging_mixin.py:188} INFO - [2026-03-03T16:12:36.498+0000] {dagbag.py:545} INFO - Filling up the DagBag from /opt/airflow/dags/churn_dag.py
[2026-03-03T16:12:36.533+0000] {processor.py:840} INFO - DAG(s) 'customer_churn_pipeline' retrieved from /opt/airflow/dags/churn_dag.py
[2026-03-03T16:12:36.573+0000] {logging_mixin.py:188} INFO - [2026-03-03T16:12:36.573+0000] {dag.py:3089} INFO - Sync 1 DAGs
[2026-03-03T16:12:36.595+0000] {logging_mixin.py:188} INFO - [2026-03-03T16:12:36.595+0000] {dag.py:3947} INFO - Setting next_dagrun for customer_churn_pipeline to None, run_after=None
[2026-03-03T16:12:36.634+0000] {processor.py:183} INFO - Processing /opt/airflow/dags/churn_dag.py took 0.152 seconds
[2026-03-03T16:13:06.974+0000] {processor.py:161} INFO - Started process (PID=255) to work on /opt/airflow/dags/churn_dag.py
[2026-03-03T16:13:06.977+0000] {processor.py:830} INFO - Processing file /opt/airflow/dags/churn_dag.py for tasks to queue
[2026-03-03T16:13:06.980+0000] {logging_mixin.py:188} INFO - [2026-03-03T16:13:06.979+0000] {dagbag.py:545} INFO - Filling up the DagBag from /opt/airflow/dags/churn_dag.py
[2026-03-03T16:13:07.015+0000] {processor.py:840} INFO - DAG(s) 'customer_churn_pipeline' retrieved from /opt/airflow/dags/churn_dag.py
[2026-03-03T16:13:07.070+0000] {logging_mixin.py:188} INFO - [2026-03-03T16:13:07.069+0000] {dag.py:3089} INFO - Sync 1 DAGs
[2026-03-03T16:13:07.091+0000] {logging_mixin.py:188} INFO - [2026-03-03T16:13:07.090+0000] {dag.py:3947} INFO - Setting next_dagrun for customer_churn_pipeline to None, run_after=None
[2026-03-03T16:13:07.129+0000] {processor.py:183} INFO - Processing /opt/airflow/dags/churn_dag.py took 0.166 seconds
[2026-03-03T16:13:37.972+0000] {processor.py:161} INFO - Started process (PID=256) to work on /opt/airflow/dags/churn_dag.py
[2026-03-03T16:13:37.974+0000] {processor.py:830} INFO - Processing file /opt/airflow/dags/churn_dag.py for tasks to queue
[2026-03-03T16:13:37.978+0000] {logging_mixin.py:188} INFO - [2026-03-03T16:13:37.977+0000] {dagbag.py:545} INFO - Filling up the DagBag from /opt/airflow/dags/churn_dag.py
[2026-03-03T16:13:38.014+0000] {processor.py:840} INFO - DAG(s) 'customer_churn_pipeline' retrieved from /opt/airflow/dags/churn_dag.py
[2026-03-03T16:13:38.070+0000] {logging_mixin.py:188} INFO - [2026-03-03T16:13:38.070+0000] {dag.py:3089} INFO - Sync 1 DAGs
[2026-03-03T16:13:38.095+0000] {logging_mixin.py:188} INFO - [2026-03-03T16:13:38.095+0000] {dag.py:3947} INFO - Setting next_dagrun for customer_churn_pipeline to None, run_after=None
[2026-03-03T16:13:38.140+0000] {processor.py:183} INFO - Processing /opt/airflow/dags/churn_dag.py took 0.178 seconds
[2026-03-03T16:14:08.859+0000] {processor.py:161} INFO - Started process (PID=257) to work on /opt/airflow/dags/churn_dag.py
[2026-03-03T16:14:08.862+0000] {processor.py:830} INFO - Processing file /opt/airflow/dags/churn_dag.py for tasks to queue
[2026-03-03T16:14:08.867+0000] {logging_mixin.py:188} INFO - [2026-03-03T16:14:08.866+0000] {dagbag.py:545} INFO - Filling up the DagBag from /opt/airflow/dags/churn_dag.py
[2026-03-03T16:14:08.911+0000] {processor.py:840} INFO - DAG(s) 'customer_churn_pipeline' retrieved from /opt/airflow/dags/churn_dag.py
[2026-03-03T16:14:08.962+0000] {logging_mixin.py:188} INFO - [2026-03-03T16:14:08.962+0000] {dag.py:3089} INFO - Sync 1 DAGs
[2026-03-03T16:14:08.987+0000] {logging_mixin.py:188} INFO - [2026-03-03T16:14:08.986+0000] {dag.py:3947} INFO - Setting next_dagrun for customer_churn_pipeline to None, run_after=None
[2026-03-03T16:14:09.032+0000] {processor.py:183} INFO - Processing /opt/airflow/dags/churn_dag.py took 0.185 seconds
[2026-03-03T16:14:40.073+0000] {processor.py:161} INFO - Started process (PID=258) to work on /opt/airflow/dags/churn_dag.py
[2026-03-03T16:14:40.076+0000] {processor.py:830} INFO - Processing file /opt/airflow/dags/churn_dag.py for tasks to queue
[2026-03-03T16:14:40.080+0000] {logging_mixin.py:188} INFO - [2026-03-03T16:14:40.080+0000] {dagbag.py:545} INFO - Filling up the DagBag from /opt/airflow/dags/churn_dag.py
[2026-03-03T16:14:40.133+0000] {processor.py:840} INFO - DAG(s) 'customer_churn_pipeline' retrieved from /opt/airflow/dags/churn_dag.py
[2026-03-03T16:14:40.170+0000] {logging_mixin.py:188} INFO - [2026-03-03T16:14:40.170+0000] {dag.py:3089} INFO - Sync 1 DAGs
[2026-03-03T16:14:40.189+0000] {logging_mixin.py:188} INFO - [2026-03-03T16:14:40.188+0000] {dag.py:3947} INFO - Setting next_dagrun for customer_churn_pipeline to None, run_after=None
[2026-03-03T16:14:40.232+0000] {processor.py:183} INFO - Processing /opt/airflow/dags/churn_dag.py took 0.170 seconds
[2026-03-03T16:15:10.413+0000] {processor.py:161} INFO - Started process (PID=259) to work on /opt/airflow/dags/churn_dag.py
[2026-03-03T16:15:10.415+0000] {processor.py:830} INFO - Processing file /opt/airflow/dags/churn_dag.py for tasks to queue
[2026-03-03T16:15:10.419+0000] {logging_mixin.py:188} INFO - [2026-03-03T16:15:10.418+0000] {dagbag.py:545} INFO - Filling up the DagBag from /opt/airflow/dags/churn_dag.py
[2026-03-03T16:15:10.460+0000] {processor.py:840} INFO - DAG(s) 'customer_churn_pipeline' retrieved from /opt/airflow/dags/churn_dag.py
[2026-03-03T16:15:10.508+0000] {logging_mixin.py:188} INFO - [2026-03-03T16:15:10.508+0000] {dag.py:3089} INFO - Sync 1 DAGs
[2026-03-03T16:15:10.542+0000] {logging_mixin.py:188} INFO - [2026-03-03T16:15:10.541+0000] {dag.py:3947} INFO - Setting next_dagrun for customer_churn_pipeline to None, run_after=None
[2026-03-03T16:15:10.587+0000] {processor.py:183} INFO - Processing /opt/airflow/dags/churn_dag.py took 0.195 seconds
[2026-03-03T16:15:41.015+0000] {processor.py:161} INFO - Started process (PID=260) to work on /opt/airflow/dags/churn_dag.py
[2026-03-03T16:15:41.018+0000] {processor.py:830} INFO - Processing file /opt/airflow/dags/churn_dag.py for tasks to queue
[2026-03-03T16:15:41.023+0000] {logging_mixin.py:188} INFO - [2026-03-03T16:15:41.022+0000] {dagbag.py:545} INFO - Filling up the DagBag from /opt/airflow/dags/churn_dag.py
[2026-03-03T16:15:41.070+0000] {processor.py:840} INFO - DAG(s) 'customer_churn_pipeline' retrieved from /opt/airflow/dags/churn_dag.py
[2026-03-03T16:15:41.113+0000] {logging_mixin.py:188} INFO - [2026-03-03T16:15:41.113+0000] {dag.py:3089} INFO - Sync 1 DAGs
[2026-03-03T16:15:41.126+0000] {logging_mixin.py:188} INFO - [2026-03-03T16:15:41.126+0000] {dag.py:3947} INFO - Setting next_dagrun for customer_churn_pipeline to None, run_after=None
[2026-03-03T16:15:41.161+0000] {processor.py:183} INFO - Processing /opt/airflow/dags/churn_dag.py took 0.159 seconds
[2026-03-03T16:16:11.528+0000] {processor.py:161} INFO - Started process (PID=261) to work on /opt/airflow/dags/churn_dag.py
[2026-03-03T16:16:11.531+0000] {processor.py:830} INFO - Processing file /opt/airflow/dags/churn_dag.py for tasks to queue
[2026-03-03T16:16:11.538+0000] {logging_mixin.py:188} INFO - [2026-03-03T16:16:11.537+0000] {dagbag.py:545} INFO - Filling up the DagBag from /opt/airflow/dags/churn_dag.py
[2026-03-03T16:16:11.586+0000] {processor.py:840} INFO - DAG(s) 'customer_churn_pipeline' retrieved from /opt/airflow/dags/churn_dag.py
[2026-03-03T16:16:11.622+0000] {logging_mixin.py:188} INFO - [2026-03-03T16:16:11.622+0000] {dag.py:3089} INFO - Sync 1 DAGs
[2026-03-03T16:16:11.637+0000] {logging_mixin.py:188} INFO - [2026-03-03T16:16:11.636+0000] {dag.py:3947} INFO - Setting next_dagrun for customer_churn_pipeline to None, run_after=None
[2026-03-03T16:16:11.671+0000] {processor.py:183} INFO - Processing /opt/airflow/dags/churn_dag.py took 0.159 seconds
[2026-03-03T16:16:42.748+0000] {processor.py:161} INFO - Started process (PID=262) to work on /opt/airflow/dags/churn_dag.py
[2026-03-03T16:16:42.750+0000] {processor.py:830} INFO - Processing file /opt/airflow/dags/churn_dag.py for tasks to queue
[2026-03-03T16:16:42.755+0000] {logging_mixin.py:188} INFO - [2026-03-03T16:16:42.754+0000] {dagbag.py:545} INFO - Filling up the DagBag from /opt/airflow/dags/churn_dag.py
[2026-03-03T16:16:42.791+0000] {processor.py:840} INFO - DAG(s) 'customer_churn_pipeline' retrieved from /opt/airflow/dags/churn_dag.py
[2026-03-03T16:16:42.835+0000] {logging_mixin.py:188} INFO - [2026-03-03T16:16:42.835+0000] {dag.py:3089} INFO - Sync 1 DAGs
[2026-03-03T16:16:42.857+0000] {logging_mixin.py:188} INFO - [2026-03-03T16:16:42.857+0000] {dag.py:3947} INFO - Setting next_dagrun for customer_churn_pipeline to None, run_after=None
[2026-03-03T16:16:42.899+0000] {processor.py:183} INFO - Processing /opt/airflow/dags/churn_dag.py took 0.162 seconds
[2026-03-03T16:17:12.706+0000] {processor.py:161} INFO - Started process (PID=263) to work on /opt/airflow/dags/churn_dag.py
[2026-03-03T16:17:12.708+0000] {processor.py:830} INFO - Processing file /opt/airflow/dags/churn_dag.py for tasks to queue
[2026-03-03T16:17:12.712+0000] {logging_mixin.py:188} INFO - [2026-03-03T16:17:12.712+0000] {dagbag.py:545} INFO - Filling up the DagBag from /opt/airflow/dags/churn_dag.py
[2026-03-03T16:17:12.764+0000] {processor.py:840} INFO - DAG(s) 'customer_churn_pipeline' retrieved from /opt/airflow/dags/churn_dag.py
[2026-03-03T16:17:12.816+0000] {logging_mixin.py:188} INFO - [2026-03-03T16:17:12.815+0000] {dag.py:3089} INFO - Sync 1 DAGs
[2026-03-03T16:17:12.837+0000] {logging_mixin.py:188} INFO - [2026-03-03T16:17:12.837+0000] {dag.py:3947} INFO - Setting next_dagrun for customer_churn_pipeline to None, run_after=None
[2026-03-03T16:17:12.869+0000] {processor.py:183} INFO - Processing /opt/airflow/dags/churn_dag.py took 0.175 seconds
[2026-03-03T16:17:42.022+0000] {processor.py:161} INFO - Started process (PID=264) to work on /opt/airflow/dags/churn_dag.py
[2026-03-03T16:17:42.024+0000] {processor.py:830} INFO - Processing file /opt/airflow/dags/churn_dag.py for tasks to queue
[2026-03-03T16:17:42.028+0000] {logging_mixin.py:188} INFO - [2026-03-03T16:17:42.027+0000] {dagbag.py:545} INFO - Filling up the DagBag from /opt/airflow/dags/churn_dag.py
[2026-03-03T16:17:42.068+0000] {processor.py:840} INFO - DAG(s) 'customer_churn_pipeline' retrieved from /opt/airflow/dags/churn_dag.py
[2026-03-03T16:17:42.107+0000] {logging_mixin.py:188} INFO - [2026-03-03T16:17:42.106+0000] {dag.py:3089} INFO - Sync 1 DAGs
[2026-03-03T16:17:42.124+0000] {logging_mixin.py:188} INFO - [2026-03-03T16:17:42.124+0000] {dag.py:3947} INFO - Setting next_dagrun for customer_churn_pipeline to None, run_after=None
[2026-03-03T16:17:42.152+0000] {processor.py:183} INFO - Processing /opt/airflow/dags/churn_dag.py took 0.141 seconds
[2026-03-03T16:18:12.832+0000] {processor.py:161} INFO - Started process (PID=265) to work on /opt/airflow/dags/churn_dag.py
[2026-03-03T16:18:12.835+0000] {processor.py:830} INFO - Processing file /opt/airflow/dags/churn_dag.py for tasks to queue
[2026-03-03T16:18:12.840+0000] {logging_mixin.py:188} INFO - [2026-03-03T16:18:12.839+0000] {dagbag.py:545} INFO - Filling up the DagBag from /opt/airflow/dags/churn_dag.py
[2026-03-03T16:18:12.962+0000] {processor.py:840} INFO - DAG(s) 'customer_churn_pipeline' retrieved from /opt/airflow/dags/churn_dag.py
[2026-03-03T16:18:13.037+0000] {logging_mixin.py:188} INFO - [2026-03-03T16:18:13.037+0000] {dag.py:3089} INFO - Sync 1 DAGs
[2026-03-03T16:18:13.051+0000] {logging_mixin.py:188} INFO - [2026-03-03T16:18:13.051+0000] {dag.py:3947} INFO - Setting next_dagrun for customer_churn_pipeline to None, run_after=None
[2026-03-03T16:18:13.098+0000] {processor.py:183} INFO - Processing /opt/airflow/dags/churn_dag.py took 0.277 seconds
[2026-03-03T16:18:44.169+0000] {processor.py:161} INFO - Started process (PID=266) to work on /opt/airflow/dags/churn_dag.py
[2026-03-03T16:18:44.171+0000] {processor.py:830} INFO - Processing file /opt/airflow/dags/churn_dag.py for tasks to queue
[2026-03-03T16:18:44.175+0000] {logging_mixin.py:188} INFO - [2026-03-03T16:18:44.174+0000] {dagbag.py:545} INFO - Filling up the DagBag from /opt/airflow/dags/churn_dag.py
[2026-03-03T16:18:44.233+0000] {processor.py:840} INFO - DAG(s) 'customer_churn_pipeline' retrieved from /opt/airflow/dags/churn_dag.py
[2026-03-03T16:18:44.266+0000] {logging_mixin.py:188} INFO - [2026-03-03T16:18:44.266+0000] {dag.py:3089} INFO - Sync 1 DAGs
[2026-03-03T16:18:44.278+0000] {logging_mixin.py:188} INFO - [2026-03-03T16:18:44.278+0000] {dag.py:3947} INFO - Setting next_dagrun for customer_churn_pipeline to None, run_after=None
[2026-03-03T16:18:44.306+0000] {processor.py:183} INFO - Processing /opt/airflow/dags/churn_dag.py took 0.146 seconds
[2026-03-03T16:19:14.615+0000] {processor.py:161} INFO - Started process (PID=267) to work on /opt/airflow/dags/churn_dag.py
[2026-03-03T16:19:14.618+0000] {processor.py:830} INFO - Processing file /opt/airflow/dags/churn_dag.py for tasks to queue
[2026-03-03T16:19:14.623+0000] {logging_mixin.py:188} INFO - [2026-03-03T16:19:14.622+0000] {dagbag.py:545} INFO - Filling up the DagBag from /opt/airflow/dags/churn_dag.py
[2026-03-03T16:19:14.661+0000] {processor.py:840} INFO - DAG(s) 'customer_churn_pipeline' retrieved from /opt/airflow/dags/churn_dag.py
[2026-03-03T16:19:14.713+0000] {logging_mixin.py:188} INFO - [2026-03-03T16:19:14.713+0000] {dag.py:3089} INFO - Sync 1 DAGs
[2026-03-03T16:19:14.735+0000] {logging_mixin.py:188} INFO - [2026-03-03T16:19:14.735+0000] {dag.py:3947} INFO - Setting next_dagrun for customer_churn_pipeline to None, run_after=None
[2026-03-03T16:19:14.785+0000] {processor.py:183} INFO - Processing /opt/airflow/dags/churn_dag.py took 0.181 seconds
[2026-03-03T16:19:44.938+0000] {processor.py:161} INFO - Started process (PID=268) to work on /opt/airflow/dags/churn_dag.py
[2026-03-03T16:19:44.940+0000] {processor.py:830} INFO - Processing file /opt/airflow/dags/churn_dag.py for tasks to queue
[2026-03-03T16:19:44.945+0000] {logging_mixin.py:188} INFO - [2026-03-03T16:19:44.944+0000] {dagbag.py:545} INFO - Filling up the DagBag from /opt/airflow/dags/churn_dag.py
[2026-03-03T16:19:44.984+0000] {processor.py:840} INFO - DAG(s) 'customer_churn_pipeline' retrieved from /opt/airflow/dags/churn_dag.py
[2026-03-03T16:19:45.027+0000] {logging_mixin.py:188} INFO - [2026-03-03T16:19:45.027+0000] {dag.py:3089} INFO - Sync 1 DAGs
[2026-03-03T16:19:45.045+0000] {logging_mixin.py:188} INFO - [2026-03-03T16:19:45.044+0000] {dag.py:3947} INFO - Setting next_dagrun for customer_churn_pipeline to None, run_after=None
[2026-03-03T16:19:45.085+0000] {processor.py:183} INFO - Processing /opt/airflow/dags/churn_dag.py took 0.159 seconds
[2026-03-03T16:20:15.291+0000] {processor.py:161} INFO - Started process (PID=269) to work on /opt/airflow/dags/churn_dag.py
[2026-03-03T16:20:15.296+0000] {processor.py:830} INFO - Processing file /opt/airflow/dags/churn_dag.py for tasks to queue
[2026-03-03T16:20:15.301+0000] {logging_mixin.py:188} INFO - [2026-03-03T16:20:15.300+0000] {dagbag.py:545} INFO - Filling up the DagBag from /opt/airflow/dags/churn_dag.py
[2026-03-03T16:20:15.369+0000] {processor.py:840} INFO - DAG(s) 'customer_churn_pipeline' retrieved from /opt/airflow/dags/churn_dag.py
[2026-03-03T16:20:15.405+0000] {logging_mixin.py:188} INFO - [2026-03-03T16:20:15.405+0000] {dag.py:3089} INFO - Sync 1 DAGs
[2026-03-03T16:20:15.420+0000] {logging_mixin.py:188} INFO - [2026-03-03T16:20:15.420+0000] {dag.py:3947} INFO - Setting next_dagrun for customer_churn_pipeline to None, run_after=None
[2026-03-03T16:20:15.454+0000] {processor.py:183} INFO - Processing /opt/airflow/dags/churn_dag.py took 0.175 seconds
[2026-03-03T16:20:46.522+0000] {processor.py:161} INFO - Started process (PID=270) to work on /opt/airflow/dags/churn_dag.py
[2026-03-03T16:20:46.525+0000] {processor.py:830} INFO - Processing file /opt/airflow/dags/churn_dag.py for tasks to queue
[2026-03-03T16:20:46.529+0000] {logging_mixin.py:188} INFO - [2026-03-03T16:20:46.528+0000] {dagbag.py:545} INFO - Filling up the DagBag from /opt/airflow/dags/churn_dag.py
[2026-03-03T16:20:46.567+0000] {processor.py:840} INFO - DAG(s) 'customer_churn_pipeline' retrieved from /opt/airflow/dags/churn_dag.py
[2026-03-03T16:20:46.614+0000] {logging_mixin.py:188} INFO - [2026-03-03T16:20:46.614+0000] {dag.py:3089} INFO - Sync 1 DAGs
[2026-03-03T16:20:46.638+0000] {logging_mixin.py:188} INFO - [2026-03-03T16:20:46.638+0000] {dag.py:3947} INFO - Setting next_dagrun for customer_churn_pipeline to None, run_after=None
[2026-03-03T16:20:46.675+0000] {processor.py:183} INFO - Processing /opt/airflow/dags/churn_dag.py took 0.165 seconds
[2026-03-03T16:21:16.981+0000] {processor.py:161} INFO - Started process (PID=271) to work on /opt/airflow/dags/churn_dag.py
[2026-03-03T16:21:16.984+0000] {processor.py:830} INFO - Processing file /opt/airflow/dags/churn_dag.py for tasks to queue
[2026-03-03T16:21:16.989+0000] {logging_mixin.py:188} INFO - [2026-03-03T16:21:16.988+0000] {dagbag.py:545} INFO - Filling up the DagBag from /opt/airflow/dags/churn_dag.py
[2026-03-03T16:21:17.030+0000] {processor.py:840} INFO - DAG(s) 'customer_churn_pipeline' retrieved from /opt/airflow/dags/churn_dag.py
[2026-03-03T16:21:17.076+0000] {logging_mixin.py:188} INFO - [2026-03-03T16:21:17.075+0000] {dag.py:3089} INFO - Sync 1 DAGs
[2026-03-03T16:21:17.100+0000] {logging_mixin.py:188} INFO - [2026-03-03T16:21:17.099+0000] {dag.py:3947} INFO - Setting next_dagrun for customer_churn_pipeline to None, run_after=None
[2026-03-03T16:21:17.142+0000] {processor.py:183} INFO - Processing /opt/airflow/dags/churn_dag.py took 0.174 seconds
[2026-03-03T16:21:47.942+0000] {processor.py:161} INFO - Started process (PID=272) to work on /opt/airflow/dags/churn_dag.py
[2026-03-03T16:21:47.944+0000] {processor.py:830} INFO - Processing file /opt/airflow/dags/churn_dag.py for tasks to queue
[2026-03-03T16:21:47.949+0000] {logging_mixin.py:188} INFO - [2026-03-03T16:21:47.948+0000] {dagbag.py:545} INFO - Filling up the DagBag from /opt/airflow/dags/churn_dag.py
[2026-03-03T16:21:47.995+0000] {processor.py:840} INFO - DAG(s) 'customer_churn_pipeline' retrieved from /opt/airflow/dags/churn_dag.py
[2026-03-03T16:21:48.042+0000] {logging_mixin.py:188} INFO - [2026-03-03T16:21:48.042+0000] {dag.py:3089} INFO - Sync 1 DAGs
[2026-03-03T16:21:48.066+0000] {logging_mixin.py:188} INFO - [2026-03-03T16:21:48.065+0000] {dag.py:3947} INFO - Setting next_dagrun for customer_churn_pipeline to None, run_after=None
[2026-03-03T16:21:48.110+0000] {processor.py:183} INFO - Processing /opt/airflow/dags/churn_dag.py took 0.179 seconds
[2026-03-03T16:22:18.217+0000] {processor.py:161} INFO - Started process (PID=273) to work on /opt/airflow/dags/churn_dag.py
[2026-03-03T16:22:18.219+0000] {processor.py:830} INFO - Processing file /opt/airflow/dags/churn_dag.py for tasks to queue
[2026-03-03T16:22:18.222+0000] {logging_mixin.py:188} INFO - [2026-03-03T16:22:18.222+0000] {dagbag.py:545} INFO - Filling up the DagBag from /opt/airflow/dags/churn_dag.py
[2026-03-03T16:22:18.274+0000] {processor.py:840} INFO - DAG(s) 'customer_churn_pipeline' retrieved from /opt/airflow/dags/churn_dag.py
[2026-03-03T16:22:18.308+0000] {logging_mixin.py:188} INFO - [2026-03-03T16:22:18.307+0000] {dag.py:3089} INFO - Sync 1 DAGs
[2026-03-03T16:22:18.323+0000] {logging_mixin.py:188} INFO - [2026-03-03T16:22:18.323+0000] {dag.py:3947} INFO - Setting next_dagrun for customer_churn_pipeline to None, run_after=None
[2026-03-03T16:22:18.352+0000] {processor.py:183} INFO - Processing /opt/airflow/dags/churn_dag.py took 0.142 seconds
[2026-03-03T16:22:48.799+0000] {processor.py:161} INFO - Started process (PID=274) to work on /opt/airflow/dags/churn_dag.py
[2026-03-03T16:22:48.802+0000] {processor.py:830} INFO - Processing file /opt/airflow/dags/churn_dag.py for tasks to queue
[2026-03-03T16:22:48.806+0000] {logging_mixin.py:188} INFO - [2026-03-03T16:22:48.805+0000] {dagbag.py:545} INFO - Filling up the DagBag from /opt/airflow/dags/churn_dag.py
[2026-03-03T16:22:48.844+0000] {processor.py:840} INFO - DAG(s) 'customer_churn_pipeline' retrieved from /opt/airflow/dags/churn_dag.py
[2026-03-03T16:22:48.893+0000] {logging_mixin.py:188} INFO - [2026-03-03T16:22:48.893+0000] {dag.py:3089} INFO - Sync 1 DAGs
[2026-03-03T16:22:48.915+0000] {logging_mixin.py:188} INFO - [2026-03-03T16:22:48.914+0000] {dag.py:3947} INFO - Setting next_dagrun for customer_churn_pipeline to None, run_after=None
[2026-03-03T16:22:48.957+0000] {processor.py:183} INFO - Processing /opt/airflow/dags/churn_dag.py took 0.169 seconds
[2026-03-03T16:23:19.263+0000] {processor.py:161} INFO - Started process (PID=275) to work on /opt/airflow/dags/churn_dag.py
[2026-03-03T16:23:19.270+0000] {processor.py:830} INFO - Processing file /opt/airflow/dags/churn_dag.py for tasks to queue
[2026-03-03T16:23:19.278+0000] {logging_mixin.py:188} INFO - [2026-03-03T16:23:19.277+0000] {dagbag.py:545} INFO - Filling up the DagBag from /opt/airflow/dags/churn_dag.py
[2026-03-03T16:23:19.358+0000] {processor.py:840} INFO - DAG(s) 'customer_churn_pipeline' retrieved from /opt/airflow/dags/churn_dag.py
[2026-03-03T16:23:19.453+0000] {logging_mixin.py:188} INFO - [2026-03-03T16:23:19.452+0000] {dag.py:3089} INFO - Sync 1 DAGs
[2026-03-03T16:23:19.482+0000] {logging_mixin.py:188} INFO - [2026-03-03T16:23:19.482+0000] {dag.py:3947} INFO - Setting next_dagrun for customer_churn_pipeline to None, run_after=None
[2026-03-03T16:23:19.530+0000] {processor.py:183} INFO - Processing /opt/airflow/dags/churn_dag.py took 0.285 seconds
[2026-03-03T16:23:49.964+0000] {processor.py:161} INFO - Started process (PID=276) to work on /opt/airflow/dags/churn_dag.py
[2026-03-03T16:23:49.966+0000] {processor.py:830} INFO - Processing file /opt/airflow/dags/churn_dag.py for tasks to queue
[2026-03-03T16:23:49.970+0000] {logging_mixin.py:188} INFO - [2026-03-03T16:23:49.970+0000] {dagbag.py:545} INFO - Filling up the DagBag from /opt/airflow/dags/churn_dag.py
[2026-03-03T16:23:50.006+0000] {processor.py:840} INFO - DAG(s) 'customer_churn_pipeline' retrieved from /opt/airflow/dags/churn_dag.py
[2026-03-03T16:23:50.049+0000] {logging_mixin.py:188} INFO - [2026-03-03T16:23:50.049+0000] {dag.py:3089} INFO - Sync 1 DAGs
[2026-03-03T16:23:50.070+0000] {logging_mixin.py:188} INFO - [2026-03-03T16:23:50.070+0000] {dag.py:3947} INFO - Setting next_dagrun for customer_churn_pipeline to None, run_after=None
[2026-03-03T16:23:50.114+0000] {processor.py:183} INFO - Processing /opt/airflow/dags/churn_dag.py took 0.160 seconds
[2026-03-03T16:24:20.658+0000] {processor.py:161} INFO - Started process (PID=277) to work on /opt/airflow/dags/churn_dag.py
[2026-03-03T16:24:20.660+0000] {processor.py:830} INFO - Processing file /opt/airflow/dags/churn_dag.py for tasks to queue
[2026-03-03T16:24:20.664+0000] {logging_mixin.py:188} INFO - [2026-03-03T16:24:20.663+0000] {dagbag.py:545} INFO - Filling up the DagBag from /opt/airflow/dags/churn_dag.py
[2026-03-03T16:24:20.701+0000] {processor.py:840} INFO - DAG(s) 'customer_churn_pipeline' retrieved from /opt/airflow/dags/churn_dag.py
[2026-03-03T16:24:20.747+0000] {logging_mixin.py:188} INFO - [2026-03-03T16:24:20.746+0000] {dag.py:3089} INFO - Sync 1 DAGs
[2026-03-03T16:24:20.771+0000] {logging_mixin.py:188} INFO - [2026-03-03T16:24:20.770+0000] {dag.py:3947} INFO - Setting next_dagrun for customer_churn_pipeline to None, run_after=None
[2026-03-03T16:24:20.815+0000] {processor.py:183} INFO - Processing /opt/airflow/dags/churn_dag.py took 0.168 seconds
[2026-03-03T16:24:51.884+0000] {processor.py:161} INFO - Started process (PID=278) to work on /opt/airflow/dags/churn_dag.py
[2026-03-03T16:24:51.887+0000] {processor.py:830} INFO - Processing file /opt/airflow/dags/churn_dag.py for tasks to queue
[2026-03-03T16:24:51.891+0000] {logging_mixin.py:188} INFO - [2026-03-03T16:24:51.891+0000] {dagbag.py:545} INFO - Filling up the DagBag from /opt/airflow/dags/churn_dag.py
[2026-03-03T16:24:51.980+0000] {processor.py:840} INFO - DAG(s) 'customer_churn_pipeline' retrieved from /opt/airflow/dags/churn_dag.py
[2026-03-03T16:24:52.021+0000] {logging_mixin.py:188} INFO - [2026-03-03T16:24:52.020+0000] {dag.py:3089} INFO - Sync 1 DAGs
[2026-03-03T16:24:52.036+0000] {logging_mixin.py:188} INFO - [2026-03-03T16:24:52.036+0000] {dag.py:3947} INFO - Setting next_dagrun for customer_churn_pipeline to None, run_after=None
[2026-03-03T16:24:52.079+0000] {processor.py:183} INFO - Processing /opt/airflow/dags/churn_dag.py took 0.207 seconds
[2026-03-03T16:25:22.807+0000] {processor.py:161} INFO - Started process (PID=279) to work on /opt/airflow/dags/churn_dag.py
[2026-03-03T16:25:22.809+0000] {processor.py:830} INFO - Processing file /opt/airflow/dags/churn_dag.py for tasks to queue
[2026-03-03T16:25:22.814+0000] {logging_mixin.py:188} INFO - [2026-03-03T16:25:22.814+0000] {dagbag.py:545} INFO - Filling up the DagBag from /opt/airflow/dags/churn_dag.py
[2026-03-03T16:25:22.851+0000] {processor.py:840} INFO - DAG(s) 'customer_churn_pipeline' retrieved from /opt/airflow/dags/churn_dag.py
[2026-03-03T16:25:22.893+0000] {logging_mixin.py:188} INFO - [2026-03-03T16:25:22.893+0000] {dag.py:3089} INFO - Sync 1 DAGs
[2026-03-03T16:25:22.910+0000] {logging_mixin.py:188} INFO - [2026-03-03T16:25:22.910+0000] {dag.py:3947} INFO - Setting next_dagrun for customer_churn_pipeline to None, run_after=None
[2026-03-03T16:25:22.953+0000] {processor.py:183} INFO - Processing /opt/airflow/dags/churn_dag.py took 0.157 seconds
[2026-03-03T16:25:53.543+0000] {processor.py:161} INFO - Started process (PID=280) to work on /opt/airflow/dags/churn_dag.py
[2026-03-03T16:25:53.548+0000] {processor.py:830} INFO - Processing file /opt/airflow/dags/churn_dag.py for tasks to queue
[2026-03-03T16:25:53.555+0000] {logging_mixin.py:188} INFO - [2026-03-03T16:25:53.554+0000] {dagbag.py:545} INFO - Filling up the DagBag from /opt/airflow/dags/churn_dag.py
[2026-03-03T16:25:53.632+0000] {processor.py:840} INFO - DAG(s) 'customer_churn_pipeline' retrieved from /opt/airflow/dags/churn_dag.py
[2026-03-03T16:25:53.679+0000] {logging_mixin.py:188} INFO - [2026-03-03T16:25:53.679+0000] {dag.py:3089} INFO - Sync 1 DAGs
[2026-03-03T16:25:53.697+0000] {logging_mixin.py:188} INFO - [2026-03-03T16:25:53.697+0000] {dag.py:3947} INFO - Setting next_dagrun for customer_churn_pipeline to None, run_after=None
[2026-03-03T16:25:53.731+0000] {processor.py:183} INFO - Processing /opt/airflow/dags/churn_dag.py took 0.205 seconds
[2026-03-03T16:26:24.425+0000] {processor.py:161} INFO - Started process (PID=281) to work on /opt/airflow/dags/churn_dag.py
[2026-03-03T16:26:24.427+0000] {processor.py:830} INFO - Processing file /opt/airflow/dags/churn_dag.py for tasks to queue
[2026-03-03T16:26:24.430+0000] {logging_mixin.py:188} INFO - [2026-03-03T16:26:24.430+0000] {dagbag.py:545} INFO - Filling up the DagBag from /opt/airflow/dags/churn_dag.py
[2026-03-03T16:26:24.457+0000] {processor.py:840} INFO - DAG(s) 'customer_churn_pipeline' retrieved from /opt/airflow/dags/churn_dag.py
[2026-03-03T16:26:24.493+0000] {logging_mixin.py:188} INFO - [2026-03-03T16:26:24.492+0000] {dag.py:3089} INFO - Sync 1 DAGs
[2026-03-03T16:26:24.515+0000] {logging_mixin.py:188} INFO - [2026-03-03T16:26:24.515+0000] {dag.py:3947} INFO - Setting next_dagrun for customer_churn_pipeline to None, run_after=None
[2026-03-03T16:26:24.560+0000] {processor.py:183} INFO - Processing /opt/airflow/dags/churn_dag.py took 0.148 seconds
[2026-03-03T16:26:54.752+0000] {processor.py:161} INFO - Started process (PID=282) to work on /opt/airflow/dags/churn_dag.py
[2026-03-03T16:26:54.755+0000] {processor.py:830} INFO - Processing file /opt/airflow/dags/churn_dag.py for tasks to queue
[2026-03-03T16:26:54.759+0000] {logging_mixin.py:188} INFO - [2026-03-03T16:26:54.758+0000] {dagbag.py:545} INFO - Filling up the DagBag from /opt/airflow/dags/churn_dag.py
[2026-03-03T16:26:54.804+0000] {processor.py:840} INFO - DAG(s) 'customer_churn_pipeline' retrieved from /opt/airflow/dags/churn_dag.py
[2026-03-03T16:26:54.847+0000] {logging_mixin.py:188} INFO - [2026-03-03T16:26:54.847+0000] {dag.py:3089} INFO - Sync 1 DAGs
[2026-03-03T16:26:54.863+0000] {logging_mixin.py:188} INFO - [2026-03-03T16:26:54.863+0000] {dag.py:3947} INFO - Setting next_dagrun for customer_churn_pipeline to None, run_after=None
[2026-03-03T16:26:54.904+0000] {processor.py:183} INFO - Processing /opt/airflow/dags/churn_dag.py took 0.162 seconds
[2026-03-03T16:27:25.533+0000] {processor.py:161} INFO - Started process (PID=283) to work on /opt/airflow/dags/churn_dag.py
[2026-03-03T16:27:25.535+0000] {processor.py:830} INFO - Processing file /opt/airflow/dags/churn_dag.py for tasks to queue
[2026-03-03T16:27:25.542+0000] {logging_mixin.py:188} INFO - [2026-03-03T16:27:25.541+0000] {dagbag.py:545} INFO - Filling up the DagBag from /opt/airflow/dags/churn_dag.py
[2026-03-03T16:27:25.581+0000] {processor.py:840} INFO - DAG(s) 'customer_churn_pipeline' retrieved from /opt/airflow/dags/churn_dag.py
[2026-03-03T16:27:25.625+0000] {logging_mixin.py:188} INFO - [2026-03-03T16:27:25.625+0000] {dag.py:3089} INFO - Sync 1 DAGs
[2026-03-03T16:27:25.643+0000] {logging_mixin.py:188} INFO - [2026-03-03T16:27:25.642+0000] {dag.py:3947} INFO - Setting next_dagrun for customer_churn_pipeline to None, run_after=None
[2026-03-03T16:27:25.679+0000] {processor.py:183} INFO - Processing /opt/airflow/dags/churn_dag.py took 0.159 seconds
[2026-03-03T16:27:55.943+0000] {processor.py:161} INFO - Started process (PID=284) to work on /opt/airflow/dags/churn_dag.py
[2026-03-03T16:27:55.945+0000] {processor.py:830} INFO - Processing file /opt/airflow/dags/churn_dag.py for tasks to queue
[2026-03-03T16:27:55.949+0000] {logging_mixin.py:188} INFO - [2026-03-03T16:27:55.948+0000] {dagbag.py:545} INFO - Filling up the DagBag from /opt/airflow/dags/churn_dag.py
[2026-03-03T16:27:55.989+0000] {processor.py:840} INFO - DAG(s) 'customer_churn_pipeline' retrieved from /opt/airflow/dags/churn_dag.py
[2026-03-03T16:27:56.069+0000] {logging_mixin.py:188} INFO - [2026-03-03T16:27:56.068+0000] {dag.py:3089} INFO - Sync 1 DAGs
[2026-03-03T16:27:56.162+0000] {logging_mixin.py:188} INFO - [2026-03-03T16:27:56.161+0000] {dag.py:3947} INFO - Setting next_dagrun for customer_churn_pipeline to None, run_after=None
[2026-03-03T16:27:56.363+0000] {processor.py:183} INFO - Processing /opt/airflow/dags/churn_dag.py took 0.432 seconds
[2026-03-03T16:28:26.780+0000] {processor.py:161} INFO - Started process (PID=285) to work on /opt/airflow/dags/churn_dag.py
[2026-03-03T16:28:26.784+0000] {processor.py:830} INFO - Processing file /opt/airflow/dags/churn_dag.py for tasks to queue
[2026-03-03T16:28:26.790+0000] {logging_mixin.py:188} INFO - [2026-03-03T16:28:26.789+0000] {dagbag.py:545} INFO - Filling up the DagBag from /opt/airflow/dags/churn_dag.py
[2026-03-03T16:28:26.864+0000] {processor.py:840} INFO - DAG(s) 'customer_churn_pipeline' retrieved from /opt/airflow/dags/churn_dag.py
[2026-03-03T16:28:26.920+0000] {logging_mixin.py:188} INFO - [2026-03-03T16:28:26.920+0000] {dag.py:3089} INFO - Sync 1 DAGs
[2026-03-03T16:28:26.939+0000] {logging_mixin.py:188} INFO - [2026-03-03T16:28:26.939+0000] {dag.py:3947} INFO - Setting next_dagrun for customer_churn_pipeline to None, run_after=None
[2026-03-03T16:28:26.993+0000] {processor.py:183} INFO - Processing /opt/airflow/dags/churn_dag.py took 0.237 seconds
[2026-03-03T16:28:57.676+0000] {processor.py:161} INFO - Started process (PID=286) to work on /opt/airflow/dags/churn_dag.py
[2026-03-03T16:28:57.678+0000] {processor.py:830} INFO - Processing file /opt/airflow/dags/churn_dag.py for tasks to queue
[2026-03-03T16:28:57.681+0000] {logging_mixin.py:188} INFO - [2026-03-03T16:28:57.681+0000] {dagbag.py:545} INFO - Filling up the DagBag from /opt/airflow/dags/churn_dag.py
[2026-03-03T16:28:57.715+0000] {processor.py:840} INFO - DAG(s) 'customer_churn_pipeline' retrieved from /opt/airflow/dags/churn_dag.py
[2026-03-03T16:28:57.751+0000] {logging_mixin.py:188} INFO - [2026-03-03T16:28:57.751+0000] {dag.py:3089} INFO - Sync 1 DAGs
[2026-03-03T16:28:57.768+0000] {logging_mixin.py:188} INFO - [2026-03-03T16:28:57.768+0000] {dag.py:3947} INFO - Setting next_dagrun for customer_churn_pipeline to None, run_after=None
[2026-03-03T16:28:57.798+0000] {processor.py:183} INFO - Processing /opt/airflow/dags/churn_dag.py took 0.132 seconds
[2026-03-03T16:29:28.196+0000] {processor.py:161} INFO - Started process (PID=287) to work on /opt/airflow/dags/churn_dag.py
[2026-03-03T16:29:28.200+0000] {processor.py:830} INFO - Processing file /opt/airflow/dags/churn_dag.py for tasks to queue
[2026-03-03T16:29:28.206+0000] {logging_mixin.py:188} INFO - [2026-03-03T16:29:28.205+0000] {dagbag.py:545} INFO - Filling up the DagBag from /opt/airflow/dags/churn_dag.py
[2026-03-03T16:29:28.279+0000] {processor.py:840} INFO - DAG(s) 'customer_churn_pipeline' retrieved from /opt/airflow/dags/churn_dag.py
[2026-03-03T16:29:28.336+0000] {logging_mixin.py:188} INFO - [2026-03-03T16:29:28.336+0000] {dag.py:3089} INFO - Sync 1 DAGs
[2026-03-03T16:29:28.356+0000] {logging_mixin.py:188} INFO - [2026-03-03T16:29:28.355+0000] {dag.py:3947} INFO - Setting next_dagrun for customer_churn_pipeline to None, run_after=None
[2026-03-03T16:29:28.388+0000] {processor.py:183} INFO - Processing /opt/airflow/dags/churn_dag.py took 0.206 seconds
[2026-03-03T16:29:59.232+0000] {processor.py:161} INFO - Started process (PID=288) to work on /opt/airflow/dags/churn_dag.py
[2026-03-03T16:29:59.234+0000] {processor.py:830} INFO - Processing file /opt/airflow/dags/churn_dag.py for tasks to queue
[2026-03-03T16:29:59.239+0000] {logging_mixin.py:188} INFO - [2026-03-03T16:29:59.238+0000] {dagbag.py:545} INFO - Filling up the DagBag from /opt/airflow/dags/churn_dag.py
[2026-03-03T16:29:59.306+0000] {processor.py:840} INFO - DAG(s) 'customer_churn_pipeline' retrieved from /opt/airflow/dags/churn_dag.py
[2026-03-03T16:29:59.357+0000] {logging_mixin.py:188} INFO - [2026-03-03T16:29:59.357+0000] {dag.py:3089} INFO - Sync 1 DAGs
[2026-03-03T16:29:59.380+0000] {logging_mixin.py:188} INFO - [2026-03-03T16:29:59.380+0000] {dag.py:3947} INFO - Setting next_dagrun for customer_churn_pipeline to None, run_after=None
[2026-03-03T16:29:59.424+0000] {processor.py:183} INFO - Processing /opt/airflow/dags/churn_dag.py took 0.203 seconds
[2026-03-03T16:30:29.780+0000] {processor.py:161} INFO - Started process (PID=290) to work on /opt/airflow/dags/churn_dag.py
[2026-03-03T16:30:29.782+0000] {processor.py:830} INFO - Processing file /opt/airflow/dags/churn_dag.py for tasks to queue
[2026-03-03T16:30:29.786+0000] {logging_mixin.py:188} INFO - [2026-03-03T16:30:29.785+0000] {dagbag.py:545} INFO - Filling up the DagBag from /opt/airflow/dags/churn_dag.py
[2026-03-03T16:30:29.836+0000] {processor.py:840} INFO - DAG(s) 'customer_churn_pipeline' retrieved from /opt/airflow/dags/churn_dag.py
[2026-03-03T16:30:29.874+0000] {logging_mixin.py:188} INFO - [2026-03-03T16:30:29.873+0000] {dag.py:3089} INFO - Sync 1 DAGs
[2026-03-03T16:30:29.886+0000] {logging_mixin.py:188} INFO - [2026-03-03T16:30:29.886+0000] {dag.py:3947} INFO - Setting next_dagrun for customer_churn_pipeline to None, run_after=None
[2026-03-03T16:30:29.915+0000] {processor.py:183} INFO - Processing /opt/airflow/dags/churn_dag.py took 0.145 seconds
[2026-03-03T16:31:00.089+0000] {processor.py:161} INFO - Started process (PID=291) to work on /opt/airflow/dags/churn_dag.py
[2026-03-03T16:31:00.091+0000] {processor.py:830} INFO - Processing file /opt/airflow/dags/churn_dag.py for tasks to queue
[2026-03-03T16:31:00.095+0000] {logging_mixin.py:188} INFO - [2026-03-03T16:31:00.094+0000] {dagbag.py:545} INFO - Filling up the DagBag from /opt/airflow/dags/churn_dag.py
[2026-03-03T16:31:00.128+0000] {processor.py:840} INFO - DAG(s) 'customer_churn_pipeline' retrieved from /opt/airflow/dags/churn_dag.py
[2026-03-03T16:31:00.170+0000] {logging_mixin.py:188} INFO - [2026-03-03T16:31:00.170+0000] {dag.py:3089} INFO - Sync 1 DAGs
[2026-03-03T16:31:00.192+0000] {logging_mixin.py:188} INFO - [2026-03-03T16:31:00.192+0000] {dag.py:3947} INFO - Setting next_dagrun for customer_churn_pipeline to None, run_after=None
[2026-03-03T16:31:00.235+0000] {processor.py:183} INFO - Processing /opt/airflow/dags/churn_dag.py took 0.156 seconds
[2026-03-03T16:31:31.179+0000] {processor.py:161} INFO - Started process (PID=292) to work on /opt/airflow/dags/churn_dag.py
[2026-03-03T16:31:31.181+0000] {processor.py:830} INFO - Processing file /opt/airflow/dags/churn_dag.py for tasks to queue
[2026-03-03T16:31:31.185+0000] {logging_mixin.py:188} INFO - [2026-03-03T16:31:31.185+0000] {dagbag.py:545} INFO - Filling up the DagBag from /opt/airflow/dags/churn_dag.py
[2026-03-03T16:31:31.228+0000] {processor.py:840} INFO - DAG(s) 'customer_churn_pipeline' retrieved from /opt/airflow/dags/churn_dag.py
[2026-03-03T16:31:31.277+0000] {logging_mixin.py:188} INFO - [2026-03-03T16:31:31.277+0000] {dag.py:3089} INFO - Sync 1 DAGs
[2026-03-03T16:31:31.302+0000] {logging_mixin.py:188} INFO - [2026-03-03T16:31:31.302+0000] {dag.py:3947} INFO - Setting next_dagrun for customer_churn_pipeline to None, run_after=None
[2026-03-03T16:31:31.346+0000] {processor.py:183} INFO - Processing /opt/airflow/dags/churn_dag.py took 0.179 seconds
[2026-03-03T16:32:02.072+0000] {processor.py:161} INFO - Started process (PID=293) to work on /opt/airflow/dags/churn_dag.py
[2026-03-03T16:32:02.074+0000] {processor.py:830} INFO - Processing file /opt/airflow/dags/churn_dag.py for tasks to queue
[2026-03-03T16:32:02.077+0000] {logging_mixin.py:188} INFO - [2026-03-03T16:32:02.077+0000] {dagbag.py:545} INFO - Filling up the DagBag from /opt/airflow/dags/churn_dag.py
[2026-03-03T16:32:02.111+0000] {processor.py:840} INFO - DAG(s) 'customer_churn_pipeline' retrieved from /opt/airflow/dags/churn_dag.py
[2026-03-03T16:32:02.155+0000] {logging_mixin.py:188} INFO - [2026-03-03T16:32:02.154+0000] {dag.py:3089} INFO - Sync 1 DAGs
[2026-03-03T16:32:02.179+0000] {logging_mixin.py:188} INFO - [2026-03-03T16:32:02.179+0000] {dag.py:3947} INFO - Setting next_dagrun for customer_churn_pipeline to None, run_after=None
[2026-03-03T16:32:02.236+0000] {processor.py:183} INFO - Processing /opt/airflow/dags/churn_dag.py took 0.174 seconds
[2026-03-03T16:32:32.462+0000] {processor.py:161} INFO - Started process (PID=294) to work on /opt/airflow/dags/churn_dag.py
[2026-03-03T16:32:32.465+0000] {processor.py:830} INFO - Processing file /opt/airflow/dags/churn_dag.py for tasks to queue
[2026-03-03T16:32:32.472+0000] {logging_mixin.py:188} INFO - [2026-03-03T16:32:32.471+0000] {dagbag.py:545} INFO - Filling up the DagBag from /opt/airflow/dags/churn_dag.py
[2026-03-03T16:32:32.567+0000] {processor.py:840} INFO - DAG(s) 'customer_churn_pipeline' retrieved from /opt/airflow/dags/churn_dag.py
[2026-03-03T16:32:32.606+0000] {logging_mixin.py:188} INFO - [2026-03-03T16:32:32.605+0000] {dag.py:3089} INFO - Sync 1 DAGs
[2026-03-03T16:32:32.623+0000] {logging_mixin.py:188} INFO - [2026-03-03T16:32:32.622+0000] {dag.py:3947} INFO - Setting next_dagrun for customer_churn_pipeline to None, run_after=None
[2026-03-03T16:32:32.680+0000] {processor.py:183} INFO - Processing /opt/airflow/dags/churn_dag.py took 0.232 seconds
[2026-03-03T16:33:03.380+0000] {processor.py:161} INFO - Started process (PID=295) to work on /opt/airflow/dags/churn_dag.py
[2026-03-03T16:33:03.383+0000] {processor.py:830} INFO - Processing file /opt/airflow/dags/churn_dag.py for tasks to queue
[2026-03-03T16:33:03.390+0000] {logging_mixin.py:188} INFO - [2026-03-03T16:33:03.389+0000] {dagbag.py:545} INFO - Filling up the DagBag from /opt/airflow/dags/churn_dag.py
[2026-03-03T16:33:03.457+0000] {processor.py:840} INFO - DAG(s) 'customer_churn_pipeline' retrieved from /opt/airflow/dags/churn_dag.py
[2026-03-03T16:33:03.509+0000] {logging_mixin.py:188} INFO - [2026-03-03T16:33:03.508+0000] {dag.py:3089} INFO - Sync 1 DAGs
[2026-03-03T16:33:03.532+0000] {logging_mixin.py:188} INFO - [2026-03-03T16:33:03.532+0000] {dag.py:3947} INFO - Setting next_dagrun for customer_churn_pipeline to None, run_after=None
[2026-03-03T16:33:03.574+0000] {processor.py:183} INFO - Processing /opt/airflow/dags/churn_dag.py took 0.204 seconds
[2026-03-03T16:33:33.820+0000] {processor.py:161} INFO - Started process (PID=296) to work on /opt/airflow/dags/churn_dag.py
[2026-03-03T16:33:33.825+0000] {processor.py:830} INFO - Processing file /opt/airflow/dags/churn_dag.py for tasks to queue
[2026-03-03T16:33:33.832+0000] {logging_mixin.py:188} INFO - [2026-03-03T16:33:33.831+0000] {dagbag.py:545} INFO - Filling up the DagBag from /opt/airflow/dags/churn_dag.py
[2026-03-03T16:33:33.904+0000] {processor.py:840} INFO - DAG(s) 'customer_churn_pipeline' retrieved from /opt/airflow/dags/churn_dag.py
[2026-03-03T16:33:33.953+0000] {logging_mixin.py:188} INFO - [2026-03-03T16:33:33.953+0000] {dag.py:3089} INFO - Sync 1 DAGs
[2026-03-03T16:33:33.973+0000] {logging_mixin.py:188} INFO - [2026-03-03T16:33:33.973+0000] {dag.py:3947} INFO - Setting next_dagrun for customer_churn_pipeline to None, run_after=None
[2026-03-03T16:33:34.031+0000] {processor.py:183} INFO - Processing /opt/airflow/dags/churn_dag.py took 0.224 seconds
[2026-03-03T16:34:04.272+0000] {processor.py:161} INFO - Started process (PID=297) to work on /opt/airflow/dags/churn_dag.py
[2026-03-03T16:34:04.274+0000] {processor.py:830} INFO - Processing file /opt/airflow/dags/churn_dag.py for tasks to queue
[2026-03-03T16:34:04.278+0000] {logging_mixin.py:188} INFO - [2026-03-03T16:34:04.277+0000] {dagbag.py:545} INFO - Filling up the DagBag from /opt/airflow/dags/churn_dag.py
[2026-03-03T16:34:04.323+0000] {processor.py:840} INFO - DAG(s) 'customer_churn_pipeline' retrieved from /opt/airflow/dags/churn_dag.py
[2026-03-03T16:34:04.365+0000] {logging_mixin.py:188} INFO - [2026-03-03T16:34:04.364+0000] {dag.py:3089} INFO - Sync 1 DAGs
[2026-03-03T16:34:04.379+0000] {logging_mixin.py:188} INFO - [2026-03-03T16:34:04.378+0000] {dag.py:3947} INFO - Setting next_dagrun for customer_churn_pipeline to None, run_after=None
[2026-03-03T16:34:04.432+0000] {processor.py:183} INFO - Processing /opt/airflow/dags/churn_dag.py took 0.170 seconds
[2026-03-03T16:34:35.556+0000] {processor.py:161} INFO - Started process (PID=298) to work on /opt/airflow/dags/churn_dag.py
[2026-03-03T16:34:35.560+0000] {processor.py:830} INFO - Processing file /opt/airflow/dags/churn_dag.py for tasks to queue
[2026-03-03T16:34:35.564+0000] {logging_mixin.py:188} INFO - [2026-03-03T16:34:35.563+0000] {dagbag.py:545} INFO - Filling up the DagBag from /opt/airflow/dags/churn_dag.py
[2026-03-03T16:34:35.631+0000] {processor.py:840} INFO - DAG(s) 'customer_churn_pipeline' retrieved from /opt/airflow/dags/churn_dag.py
[2026-03-03T16:34:35.669+0000] {logging_mixin.py:188} INFO - [2026-03-03T16:34:35.669+0000] {dag.py:3089} INFO - Sync 1 DAGs
[2026-03-03T16:34:35.683+0000] {logging_mixin.py:188} INFO - [2026-03-03T16:34:35.683+0000] {dag.py:3947} INFO - Setting next_dagrun for customer_churn_pipeline to None, run_after=None
[2026-03-03T16:34:35.716+0000] {processor.py:183} INFO - Processing /opt/airflow/dags/churn_dag.py took 0.173 seconds
[2026-03-03T16:35:06.443+0000] {processor.py:161} INFO - Started process (PID=299) to work on /opt/airflow/dags/churn_dag.py
[2026-03-03T16:35:06.445+0000] {processor.py:830} INFO - Processing file /opt/airflow/dags/churn_dag.py for tasks to queue
[2026-03-03T16:35:06.450+0000] {logging_mixin.py:188} INFO - [2026-03-03T16:35:06.449+0000] {dagbag.py:545} INFO - Filling up the DagBag from /opt/airflow/dags/churn_dag.py
[2026-03-03T16:35:06.491+0000] {processor.py:840} INFO - DAG(s) 'customer_churn_pipeline' retrieved from /opt/airflow/dags/churn_dag.py
[2026-03-03T16:35:06.542+0000] {logging_mixin.py:188} INFO - [2026-03-03T16:35:06.542+0000] {dag.py:3089} INFO - Sync 1 DAGs
[2026-03-03T16:35:06.562+0000] {logging_mixin.py:188} INFO - [2026-03-03T16:35:06.562+0000] {dag.py:3947} INFO - Setting next_dagrun for customer_churn_pipeline to None, run_after=None
[2026-03-03T16:35:06.605+0000] {processor.py:183} INFO - Processing /opt/airflow/dags/churn_dag.py took 0.178 seconds
[2026-03-03T16:35:37.155+0000] {processor.py:161} INFO - Started process (PID=300) to work on /opt/airflow/dags/churn_dag.py
[2026-03-03T16:35:37.158+0000] {processor.py:830} INFO - Processing file /opt/airflow/dags/churn_dag.py for tasks to queue
[2026-03-03T16:35:37.162+0000] {logging_mixin.py:188} INFO - [2026-03-03T16:35:37.161+0000] {dagbag.py:545} INFO - Filling up the DagBag from /opt/airflow/dags/churn_dag.py
[2026-03-03T16:35:37.203+0000] {processor.py:840} INFO - DAG(s) 'customer_churn_pipeline' retrieved from /opt/airflow/dags/churn_dag.py
[2026-03-03T16:35:37.258+0000] {logging_mixin.py:188} INFO - [2026-03-03T16:35:37.257+0000] {dag.py:3089} INFO - Sync 1 DAGs
[2026-03-03T16:35:37.283+0000] {logging_mixin.py:188} INFO - [2026-03-03T16:35:37.283+0000] {dag.py:3947} INFO - Setting next_dagrun for customer_churn_pipeline to None, run_after=None
[2026-03-03T16:35:37.326+0000] {processor.py:183} INFO - Processing /opt/airflow/dags/churn_dag.py took 0.182 seconds
[2026-03-03T16:36:07.567+0000] {processor.py:161} INFO - Started process (PID=301) to work on /opt/airflow/dags/churn_dag.py
[2026-03-03T16:36:07.569+0000] {processor.py:830} INFO - Processing file /opt/airflow/dags/churn_dag.py for tasks to queue
[2026-03-03T16:36:07.573+0000] {logging_mixin.py:188} INFO - [2026-03-03T16:36:07.572+0000] {dagbag.py:545} INFO - Filling up the DagBag from /opt/airflow/dags/churn_dag.py
[2026-03-03T16:36:07.605+0000] {processor.py:840} INFO - DAG(s) 'customer_churn_pipeline' retrieved from /opt/airflow/dags/churn_dag.py
[2026-03-03T16:36:07.642+0000] {logging_mixin.py:188} INFO - [2026-03-03T16:36:07.642+0000] {dag.py:3089} INFO - Sync 1 DAGs
[2026-03-03T16:36:07.658+0000] {logging_mixin.py:188} INFO - [2026-03-03T16:36:07.658+0000] {dag.py:3947} INFO - Setting next_dagrun for customer_churn_pipeline to None, run_after=None
[2026-03-03T16:36:07.715+0000] {processor.py:183} INFO - Processing /opt/airflow/dags/churn_dag.py took 0.160 seconds
[2026-03-03T16:36:38.565+0000] {processor.py:161} INFO - Started process (PID=302) to work on /opt/airflow/dags/churn_dag.py
[2026-03-03T16:36:38.569+0000] {processor.py:830} INFO - Processing file /opt/airflow/dags/churn_dag.py for tasks to queue
[2026-03-03T16:36:38.573+0000] {logging_mixin.py:188} INFO - [2026-03-03T16:36:38.572+0000] {dagbag.py:545} INFO - Filling up the DagBag from /opt/airflow/dags/churn_dag.py
[2026-03-03T16:36:38.631+0000] {processor.py:840} INFO - DAG(s) 'customer_churn_pipeline' retrieved from /opt/airflow/dags/churn_dag.py
[2026-03-03T16:36:38.668+0000] {logging_mixin.py:188} INFO - [2026-03-03T16:36:38.668+0000] {dag.py:3089} INFO - Sync 1 DAGs
[2026-03-03T16:36:38.683+0000] {logging_mixin.py:188} INFO - [2026-03-03T16:36:38.683+0000] {dag.py:3947} INFO - Setting next_dagrun for customer_churn_pipeline to None, run_after=None
[2026-03-03T16:36:38.713+0000] {processor.py:183} INFO - Processing /opt/airflow/dags/churn_dag.py took 0.165 seconds
[2026-03-03T16:37:09.294+0000] {processor.py:161} INFO - Started process (PID=303) to work on /opt/airflow/dags/churn_dag.py
[2026-03-03T16:37:09.298+0000] {processor.py:830} INFO - Processing file /opt/airflow/dags/churn_dag.py for tasks to queue
[2026-03-03T16:37:09.305+0000] {logging_mixin.py:188} INFO - [2026-03-03T16:37:09.304+0000] {dagbag.py:545} INFO - Filling up the DagBag from /opt/airflow/dags/churn_dag.py
[2026-03-03T16:37:09.343+0000] {processor.py:840} INFO - DAG(s) 'customer_churn_pipeline' retrieved from /opt/airflow/dags/churn_dag.py
[2026-03-03T16:37:09.384+0000] {logging_mixin.py:188} INFO - [2026-03-03T16:37:09.384+0000] {dag.py:3089} INFO - Sync 1 DAGs
[2026-03-03T16:37:09.400+0000] {logging_mixin.py:188} INFO - [2026-03-03T16:37:09.400+0000] {dag.py:3947} INFO - Setting next_dagrun for customer_churn_pipeline to None, run_after=None
[2026-03-03T16:37:09.436+0000] {processor.py:183} INFO - Processing /opt/airflow/dags/churn_dag.py took 0.160 seconds
[2026-03-03T16:37:39.966+0000] {processor.py:161} INFO - Started process (PID=304) to work on /opt/airflow/dags/churn_dag.py
[2026-03-03T16:37:39.969+0000] {processor.py:830} INFO - Processing file /opt/airflow/dags/churn_dag.py for tasks to queue
[2026-03-03T16:37:39.973+0000] {logging_mixin.py:188} INFO - [2026-03-03T16:37:39.972+0000] {dagbag.py:545} INFO - Filling up the DagBag from /opt/airflow/dags/churn_dag.py
[2026-03-03T16:37:40.039+0000] {processor.py:840} INFO - DAG(s) 'customer_churn_pipeline' retrieved from /opt/airflow/dags/churn_dag.py
[2026-03-03T16:37:40.090+0000] {logging_mixin.py:188} INFO - [2026-03-03T16:37:40.089+0000] {dag.py:3089} INFO - Sync 1 DAGs
[2026-03-03T16:37:40.115+0000] {logging_mixin.py:188} INFO - [2026-03-03T16:37:40.115+0000] {dag.py:3947} INFO - Setting next_dagrun for customer_churn_pipeline to None, run_after=None
[2026-03-03T16:37:40.187+0000] {processor.py:183} INFO - Processing /opt/airflow/dags/churn_dag.py took 0.230 seconds
[2026-03-03T16:38:10.783+0000] {processor.py:161} INFO - Started process (PID=305) to work on /opt/airflow/dags/churn_dag.py
[2026-03-03T16:38:10.786+0000] {processor.py:830} INFO - Processing file /opt/airflow/dags/churn_dag.py for tasks to queue
[2026-03-03T16:38:10.791+0000] {logging_mixin.py:188} INFO - [2026-03-03T16:38:10.791+0000] {dagbag.py:545} INFO - Filling up the DagBag from /opt/airflow/dags/churn_dag.py
[2026-03-03T16:38:10.851+0000] {processor.py:840} INFO - DAG(s) 'customer_churn_pipeline' retrieved from /opt/airflow/dags/churn_dag.py
[2026-03-03T16:38:10.897+0000] {logging_mixin.py:188} INFO - [2026-03-03T16:38:10.896+0000] {dag.py:3089} INFO - Sync 1 DAGs
[2026-03-03T16:38:10.918+0000] {logging_mixin.py:188} INFO - [2026-03-03T16:38:10.917+0000] {dag.py:3947} INFO - Setting next_dagrun for customer_churn_pipeline to None, run_after=None
[2026-03-03T16:38:10.965+0000] {processor.py:183} INFO - Processing /opt/airflow/dags/churn_dag.py took 0.198 seconds
